"Table 1.2 Employment by detailed occupation, 2019 and projected 2029 
(Numbers in thousands)",,,,,,,,,
2019 National Employment Matrix title,2019 National Employment Matrix code,Occupation type,"Employment, 2019","Employment, 2029","Employment distribution, percent, 2019","Employment distribution, percent, 2029","Employment change, numeric, 2019-29","Employment change, percent, 2019-29","Occupational openings, 2019-29 annual average"
"Total, all occupations",00-0000,Summary,"162,795.6","168,834.7",100.0,100.0,"6,039.2",3.7,"17,454.3"
Management occupations,11-0000,Summary,"10,697.2","11,202.2",6.6,6.6,505.0,4.7,843.0
Top executives,11-1000,Summary,"2,828.0","2,946.3",1.7,1.7,118.3,4.2,222.2
Chief executives,11-1011,Line item,287.9,259.1,0.2,0.2,-28.7,-10.0,13.9
General and operations managers,11-1021,Line item,"2,486.4","2,630.2",1.5,1.6,143.8,5.8,204.4
Legislators,11-1031,Line item,53.7,57.0,0.0,0.0,3.3,6.2,3.9
"Advertising, marketing, promotions, public relations, and sales managers",11-2000,Summary,836.7,879.0,0.5,0.5,42.3,5.1,70.0
Advertising and promotions managers,11-2011,Line item,28.6,28.3,0.0,0.0,-0.3,-1.1,2.5
Marketing and sales managers,11-2020,Summary,720.1,754.6,0.4,0.4,34.5,4.8,59.9
Marketing managers,11-2021,Line item,286.3,305.4,0.2,0.2,19.1,6.7,24.6
Sales managers,11-2022,Line item,433.8,449.2,0.3,0.3,15.4,3.5,35.3
Public relations and fundraising managers,11-2030,Line item,88.0,96.1,0.1,0.1,8.1,9.2,7.6
Operations specialties managers,11-3000,Summary,"2,116.6","2,316.6",1.3,1.4,200.0,9.4,168.5
Administrative services and facilities managers,11-3010,Line item,325.9,347.0,0.2,0.2,21.2,6.5,26.3
Computer and information systems managers,11-3021,Line item,461.0,509.2,0.3,0.3,48.1,10.4,36.8
Financial managers,11-3031,Line item,697.9,806.0,0.4,0.5,108.1,15.5,59.6
Industrial production managers,11-3051,Line item,190.1,191.9,0.1,0.1,1.7,0.9,11.7
Purchasing managers,11-3061,Line item,76.9,78.9,0.0,0.0,2.0,2.6,5.6
"Transportation, storage, and distribution managers",11-3071,Line item,139.4,144.3,0.1,0.1,4.9,3.5,10.0
Compensation and benefits managers,11-3111,Line item,18.0,18.4,0.0,0.0,0.5,2.5,1.3
Human resources managers,11-3121,Line item,165.2,175.6,0.1,0.1,10.4,6.3,13.3
Training and development managers,11-3131,Line item,42.3,45.4,0.0,0.0,3.1,7.3,3.7
Other management occupations,11-9000,Summary,"4,915.9","5,060.3",3.0,3.0,144.4,2.9,382.3
"Farmers, ranchers, and other agricultural managers",11-9013,Line item,952.3,890.6,0.6,0.5,-61.6,-6.5,80.9
Construction managers,11-9021,Line item,476.7,517.1,0.3,0.3,40.4,8.5,34.7
Education and childcare administrators,11-9030,Summary,595.1,618.2,0.4,0.4,23.1,3.9,42.0
"Education and childcare administrators, preschool and daycare",11-9031,Line item,69.2,69.9,0.0,0.0,0.7,1.0,4.6
"Education administrators, kindergarten through secondary",11-9032,Line item,283.2,294.4,0.2,0.2,11.1,3.9,20.0
"Education administrators, postsecondary",11-9033,Line item,190.5,197.6,0.1,0.1,7.1,3.7,13.4
"Education administrators, all other",11-9039,Line item,52.1,56.4,0.0,0.0,4.2,8.1,4.0
Architectural and engineering managers,11-9041,Line item,198.1,203.2,0.1,0.1,5.1,2.6,12.5
Food service managers,11-9051,Line item,352.6,354.8,0.2,0.2,2.2,0.6,34.8
Gambling managers,11-9071,Line item,5.1,5.6,0.0,0.0,0.5,8.8,0.6
Lodging managers,11-9081,Line item,57.2,50.6,0.0,0.0,-6.7,-11.7,4.5
Medical and health services managers,11-9111,Line item,422.3,555.5,0.3,0.3,133.2,31.5,47.0
Natural sciences managers,11-9121,Line item,71.4,74.8,0.0,0.0,3.4,4.8,4.9
Postmasters and mail superintendents,11-9131,Line item,13.4,10.5,0.0,0.0,-2.9,-21.9,0.5
"Property, real estate, and community association managers",11-9141,Line item,367.9,368.7,0.2,0.2,0.8,0.2,26.0
Social and community service managers,11-9151,Line item,175.5,205.4,0.1,0.1,29.8,17.0,17.1
Emergency management directors,11-9161,Line item,10.4,10.9,0.0,0.0,0.5,4.5,0.7
Funeral home managers,11-9171,Line item,28.6,26.9,0.0,0.0,-1.6,-5.7,1.6
"Personal service managers, all other; entertainment and recreation managers, except gambling; and managers, all other",11-9198,Line item,"1,189.2","1,167.5",0.7,0.7,-21.7,-1.8,74.5
Business and financial operations occupations,13-0000,Summary,"9,016.3","9,492.5",5.5,5.6,476.2,5.3,813.0
Business operations specialists,13-1000,Summary,"5,944.0","6,311.9",3.7,3.7,367.9,6.2,561.7
"Agents and business managers of artists, performers, and athletes",13-1011,Line item,21.9,24.4,0.0,0.0,2.6,11.8,2.7
Buyers and purchasing agents,13-1020,Line item,449.3,409.7,0.3,0.2,-39.7,-8.8,36.0
"Claims adjusters, appraisers, examiners, and investigators",13-1030,Summary,348.8,326.8,0.2,0.2,-22.0,-6.3,22.1
"Claims adjusters, examiners, and investigators",13-1031,Line item,332.9,311.5,0.2,0.2,-21.4,-6.4,21.0
"Insurance appraisers, auto damage",13-1032,Line item,15.9,15.3,0.0,0.0,-0.6,-4.0,1.1
Compliance officers,13-1041,Line item,337.6,353.2,0.2,0.2,15.6,4.6,27.7
Cost estimators,13-1051,Line item,214.2,211.0,0.1,0.1,-3.2,-1.5,17.5
Human resources workers,13-1070,Summary,746.2,787.8,0.5,0.5,41.6,5.6,70.7
Human resources specialists,13-1071,Line item,666.5,713.5,0.4,0.4,46.9,7.0,64.5
Farm labor contractors,13-1074,Line item,0.8,0.9,0.0,0.0,0.1,10.4,0.1
Labor relations specialists,13-1075,Line item,78.9,73.5,0.0,0.0,-5.4,-6.8,6.1
Logisticians,13-1081,Line item,188.2,196.4,0.1,0.1,8.2,4.4,16.8
Management analysts,13-1111,Line item,876.3,970.2,0.5,0.6,93.8,10.7,87.1
"Meeting, convention, and event planners",13-1121,Line item,138.6,149.5,0.1,0.1,10.8,7.8,15.2
Fundraisers,13-1131,Line item,100.6,115.0,0.1,0.1,14.4,14.3,11.1
"Compensation, benefits, and job analysis specialists",13-1141,Line item,94.4,101.8,0.1,0.1,7.5,7.9,9.0
Training and development specialists,13-1151,Line item,327.9,356.1,0.2,0.2,28.2,8.6,33.7
Market research analysts and marketing specialists,13-1161,Line item,738.1,868.4,0.5,0.5,130.3,17.7,84.2
"Project management specialists and business operations specialists, all other",13-1198,Line item,"1,361.8","1,441.6",0.8,0.9,79.8,5.9,128.0
Financial specialists,13-2000,Summary,"3,072.3","3,180.6",1.9,1.9,108.3,3.5,251.3
Accountants and auditors,13-2011,Line item,"1,436.1","1,497.9",0.9,0.9,61.7,4.3,125.7
Property appraisers and assessors,13-2020,Line item,75.1,77.3,0.0,0.0,2.2,2.9,5.4
Budget analysts,13-2031,Line item,55.4,57.3,0.0,0.0,1.9,3.4,4.3
Credit analysts,13-2041,Line item,74.9,71.2,0.0,0.0,-3.6,-4.8,5.3
Personal financial advisors,13-2052,Line item,263.0,274.6,0.2,0.2,11.6,4.4,19.2
Insurance underwriters,13-2053,Line item,114.7,107.6,0.1,0.1,-7.1,-6.2,7.3
Financial examiners,13-2061,Line item,66.9,71.8,0.0,0.0,4.9,7.3,4.9
Credit counselors and loan officers,13-2070,Summary,352.4,365.2,0.2,0.2,12.8,3.6,27.1
Credit counselors,13-2071,Line item,35.6,38.3,0.0,0.0,2.7,7.6,2.9
Loan officers,13-2072,Line item,316.9,327.0,0.2,0.2,10.1,3.2,24.2
"Tax examiners, collectors and preparers, and revenue agents",13-2080,Summary,146.1,143.1,0.1,0.1,-2.9,-2.0,13.3
"Tax examiners and collectors, and revenue agents",13-2081,Line item,57.6,55.3,0.0,0.0,-2.4,-4.1,4.2
Tax preparers,13-2082,Line item,88.4,87.9,0.1,0.1,-0.6,-0.6,9.1
"Financial and investment analysts, financial risk specialists, and financial specialists, all other",13-2098,Line item,487.8,514.6,0.3,0.3,26.8,5.5,38.6
Computer and mathematical occupations,15-0000,Summary,"4,845.1","5,432.4",3.0,3.2,587.4,12.1,382.9
Computer occupations,15-1200,Summary,"4,633.4","5,164.6",2.8,3.1,531.2,11.5,362.6
Computer and information analysts,15-1210,Summary,763.4,850.8,0.5,0.5,87.5,11.5,60.0
Computer systems analysts,15-1211,Line item,632.4,679.0,0.4,0.4,46.6,7.4,46.2
Information security analysts,15-1212,Line item,131.0,171.9,0.1,0.1,40.9,31.2,13.9
Computer and information research scientists,15-1221,Line item,32.7,37.7,0.0,0.0,5.0,15.4,3.0
Computer support specialists,15-1230,Summary,882.3,949.6,0.5,0.6,67.3,7.6,68.4
Computer network support specialists,15-1231,Line item,195.1,207.7,0.1,0.1,12.6,6.4,14.8
Computer user support specialists,15-1232,Line item,687.2,741.9,0.4,0.4,54.8,8.0,53.6
Database and network administrators and architects,15-1240,Summary,666.5,703.3,0.4,0.4,36.9,5.5,43.7
Computer network architects,15-1241,Line item,160.1,168.1,0.1,0.1,8.0,5.0,10.0
Network and computer systems administrators,15-1244,Line item,373.9,389.9,0.2,0.2,16.0,4.3,23.8
Database administrators and architects,15-1245,Line item,132.5,145.3,0.1,0.1,12.8,9.7,9.9
"Software and web developers, programmers, and testers",15-1250,Summary,"1,857.4","2,167.3",1.1,1.3,309.9,16.7,155.2
Computer programmers,15-1251,Line item,213.9,193.8,0.1,0.1,-20.1,-9.4,10.4
Software developers and software quality assurance analysts and testers,15-1256,Line item,"1,469.2","1,785.2",0.9,1.1,316.0,21.5,131.4
Web developers and digital interface designers,15-1257,Line item,174.3,188.3,0.1,0.1,14.0,8.0,13.4
"Computer occupations, all other",15-1299,Line item,431.1,455.8,0.3,0.3,24.7,5.7,32.3
Mathematical science occupations,15-2000,Summary,211.7,267.8,0.1,0.2,56.1,26.5,20.2
Actuaries,15-2011,Line item,27.7,32.6,0.0,0.0,4.9,17.6,2.0
Mathematicians,15-2021,Line item,2.9,3.0,0.0,0.0,0.1,3.0,0.2
Operations research analysts,15-2031,Line item,105.1,131.3,0.1,0.1,26.1,24.8,9.6
Statisticians,15-2041,Line item,42.7,57.5,0.0,0.0,14.8,34.6,4.9
"Data scientists and mathematical science occupations, all other",15-2098,Line item,33.2,43.4,0.0,0.0,10.3,30.9,3.6
Architecture and engineering occupations,17-0000,Summary,"2,728.9","2,803.7",1.7,1.7,74.8,2.7,193.6
"Architects, surveyors, and cartographers",17-1000,Summary,214.3,216.0,0.1,0.1,1.8,0.8,14.8
"Architects, except naval",17-1010,Summary,154.4,154.8,0.1,0.1,0.5,0.3,10.2
"Architects, except landscape and naval",17-1011,Line item,129.9,130.9,0.1,0.1,1.1,0.8,8.7
Landscape architects,17-1012,Line item,24.5,23.9,0.0,0.0,-0.6,-2.4,1.5
"Surveyors, cartographers, and photogrammetrists",17-1020,Summary,59.9,61.2,0.0,0.0,1.3,2.1,4.6
Cartographers and photogrammetrists,17-1021,Line item,12.0,12.5,0.0,0.0,0.5,4.5,0.9
Surveyors,17-1022,Line item,48.0,48.7,0.0,0.0,0.8,1.6,3.6
Engineers,17-2000,Summary,"1,810.1","1,879.1",1.1,1.1,69.0,3.8,117.5
Aerospace engineers,17-2011,Line item,66.4,68.2,0.0,0.0,1.9,2.8,3.9
Agricultural engineers,17-2021,Line item,1.7,1.7,0.0,0.0,0.0,1.6,0.1
Bioengineers and biomedical engineers,17-2031,Line item,21.2,22.2,0.0,0.0,1.0,4.7,1.4
Chemical engineers,17-2041,Line item,32.6,34.0,0.0,0.0,1.4,4.4,2.0
Civil engineers,17-2051,Line item,329.2,334.7,0.2,0.2,5.5,1.7,22.9
Computer hardware engineers,17-2061,Line item,71.1,72.2,0.0,0.0,1.1,1.6,4.9
Electrical and electronics engineers,17-2070,Summary,328.1,338.9,0.2,0.2,10.8,3.3,20.7
Electrical engineers,17-2071,Line item,193.1,202.1,0.1,0.1,9.0,4.6,12.5
"Electronics engineers, except computer",17-2072,Line item,134.9,136.8,0.1,0.1,1.9,1.4,8.2
Environmental engineers,17-2081,Line item,55.8,57.6,0.0,0.0,1.7,3.1,3.7
"Industrial engineers, including health and safety",17-2110,Summary,322.3,353.3,0.2,0.2,31.0,9.6,23.0
"Health and safety engineers, except mining safety engineers and inspectors",17-2111,Line item,26.4,27.5,0.0,0.0,1.0,3.9,1.7
Industrial engineers,17-2112,Line item,295.8,325.8,0.2,0.2,30.0,10.1,21.3
Marine engineers and naval architects,17-2121,Line item,11.8,12.0,0.0,0.0,0.2,1.5,0.6
Materials engineers,17-2131,Line item,27.5,27.9,0.0,0.0,0.4,1.5,1.5
Mechanical engineers,17-2141,Line item,316.3,328.7,0.2,0.2,12.4,3.9,19.2
"Mining and geological engineers, including mining safety engineers",17-2151,Line item,6.3,6.6,0.0,0.0,0.3,4.2,0.4
Nuclear engineers,17-2161,Line item,16.4,14.3,0.0,0.0,-2.1,-12.6,0.7
Petroleum engineers,17-2171,Line item,33.4,34.4,0.0,0.0,1.1,3.2,2.1
"Engineers, all other",17-2199,Line item,170.1,172.3,0.1,0.1,2.2,1.3,10.3
"Drafters, engineering technicians, and mapping technicians",17-3000,Summary,704.6,708.6,0.4,0.4,4.0,0.6,61.3
Drafters,17-3010,Summary,200.9,193.7,0.1,0.1,-7.1,-3.5,16.4
Architectural and civil drafters,17-3011,Line item,102.9,100.3,0.1,0.1,-2.6,-2.5,8.5
Electrical and electronics drafters,17-3012,Line item,25.3,25.4,0.0,0.0,0.1,0.5,2.2
Mechanical drafters,17-3013,Line item,57.5,52.7,0.0,0.0,-4.7,-8.3,4.3
"Drafters, all other",17-3019,Line item,15.2,15.3,0.0,0.0,0.1,0.6,1.3
"Engineering technologists and technicians, except drafters",17-3020,Summary,353.7,362.5,0.2,0.2,8.8,2.5,30.6
Aerospace engineering and operations technologists and technicians,17-3021,Line item,11.9,12.7,0.0,0.0,0.8,7.0,1.1
Civil engineering technologists and technicians,17-3022,Line item,70.9,72.7,0.0,0.0,1.8,2.5,6.1
Electrical and electronic engineering technologists and technicians,17-3023,Line item,125.8,127.8,0.1,0.1,1.9,1.5,10.7
Electro-mechanical and mechatronics technologists and technicians,17-3024,Line item,14.6,15.1,0.0,0.0,0.4,3.0,1.3
Environmental engineering technologists and technicians,17-3025,Line item,18.5,19.9,0.0,0.0,1.4,7.5,1.7
Industrial engineering technologists and technicians,17-3026,Line item,68.5,69.5,0.0,0.0,1.0,1.5,5.8
Mechanical engineering technologists and technicians,17-3027,Line item,43.5,44.9,0.0,0.0,1.4,3.1,3.8
Surveying and mapping technicians,17-3031,Line item,58.4,58.8,0.0,0.0,0.4,0.7,6.4
"Calibration technologists and technicians and engineering technologists and technicians, except drafters, all other",17-3098,Line item,91.6,93.6,0.1,0.1,2.0,2.1,7.9
"Life, physical, and social science occupations",19-0000,Summary,"1,460.3","1,528.5",0.9,0.9,68.2,4.7,126.9
Life scientists,19-1000,Summary,344.8,361.4,0.2,0.2,16.6,4.8,29.2
Agricultural and food scientists,19-1010,Summary,34.8,36.8,0.0,0.0,2.0,5.7,3.6
Animal scientists,19-1011,Line item,2.8,3.0,0.0,0.0,0.2,5.5,0.3
Food scientists and technologists,19-1012,Line item,14.2,14.9,0.0,0.0,0.6,4.4,1.4
Soil and plant scientists,19-1013,Line item,17.8,19.0,0.0,0.0,1.2,6.8,1.9
Biological scientists,19-1020,Summary,120.6,124.4,0.1,0.1,3.8,3.2,10.0
Biochemists and biophysicists,19-1021,Line item,34.6,36.0,0.0,0.0,1.4,4.0,2.9
Microbiologists,19-1022,Line item,20.2,20.9,0.0,0.0,0.6,3.1,1.7
Zoologists and wildlife biologists,19-1023,Line item,21.0,21.8,0.0,0.0,0.8,3.9,1.8
"Biological scientists, all other",19-1029,Line item,44.7,45.7,0.0,0.0,1.0,2.2,3.6
Conservation scientists and foresters,19-1030,Summary,36.1,37.8,0.0,0.0,1.7,4.7,3.3
Conservation scientists,19-1031,Line item,24.5,25.8,0.0,0.0,1.2,5.1,2.3
Foresters,19-1032,Line item,11.6,12.0,0.0,0.0,0.4,3.8,1.1
Medical scientists,19-1040,Summary,146.2,155.0,0.1,0.1,8.8,6.0,11.8
Epidemiologists,19-1041,Line item,8.0,8.3,0.0,0.0,0.4,4.6,0.6
"Medical scientists, except epidemiologists",19-1042,Line item,138.3,146.7,0.1,0.1,8.4,6.1,11.2
"Life scientists, all other",19-1099,Line item,7.0,7.4,0.0,0.0,0.3,4.6,0.6
Physical scientists,19-2000,Summary,276.6,291.4,0.2,0.2,14.7,5.3,24.3
Astronomers and physicists,19-2010,Summary,20.5,21.9,0.0,0.0,1.4,6.8,1.4
Astronomers,19-2011,Line item,2.3,2.4,0.0,0.0,0.1,2.4,0.1
Physicists,19-2012,Line item,18.2,19.5,0.0,0.0,1.3,7.3,1.3
Atmospheric and space scientists,19-2021,Line item,9.9,10.6,0.0,0.0,0.6,6.4,0.9
Chemists and materials scientists,19-2030,Summary,93.7,98.0,0.1,0.1,4.3,4.6,7.9
Chemists,19-2031,Line item,86.7,90.8,0.1,0.1,4.1,4.7,7.3
Materials scientists,19-2032,Line item,7.0,7.2,0.0,0.0,0.2,3.4,0.6
Environmental scientists and geoscientists,19-2040,Summary,129.7,138.8,0.1,0.1,9.0,7.0,12.5
"Environmental scientists and specialists, including health",19-2041,Line item,90.9,98.0,0.1,0.1,7.1,7.8,8.9
"Geoscientists, except hydrologists and geographers",19-2042,Line item,31.8,33.4,0.0,0.0,1.6,4.9,3.0
Hydrologists,19-2043,Line item,7.0,7.3,0.0,0.0,0.4,5.3,0.7
"Physical scientists, all other",19-2099,Line item,22.8,22.1,0.0,0.0,-0.7,-3.0,1.5
Social scientists and related workers,19-3000,Summary,326.9,340.8,0.2,0.2,13.9,4.3,24.2
Economists,19-3011,Line item,20.5,23.5,0.0,0.0,2.9,14.1,1.6
Survey researchers,19-3022,Line item,12.2,11.7,0.0,0.0,-0.4,-3.7,1.1
Psychologists,19-3030,Summary,192.3,198.1,0.1,0.1,5.7,3.0,11.8
"Clinical, counseling, and school psychologists",19-3031,Line item,171.5,176.7,0.1,0.1,5.3,3.1,10.5
Industrial-organizational psychologists,19-3032,Line item,1.1,1.1,0.0,0.0,0.0,2.5,0.1
"Psychologists, all other",19-3039,Line item,19.8,20.2,0.0,0.0,0.4,2.3,1.2
Sociologists,19-3041,Line item,3.2,3.3,0.0,0.0,0.1,3.6,0.3
Urban and regional planners,19-3051,Line item,39.7,44.1,0.0,0.0,4.4,11.0,3.7
Miscellaneous social scientists and related workers,19-3090,Summary,58.9,60.1,0.0,0.0,1.2,2.0,5.6
Anthropologists and archeologists,19-3091,Line item,8.0,8.4,0.0,0.0,0.4,5.2,0.8
Geographers,19-3092,Line item,1.6,1.6,0.0,0.0,0.0,-1.2,0.1
Historians,19-3093,Line item,3.5,3.6,0.0,0.0,0.1,2.6,0.3
Political scientists,19-3094,Line item,7.0,7.4,0.0,0.0,0.4,6.1,0.7
"Social scientists and related workers, all other",19-3099,Line item,38.8,39.1,0.0,0.0,0.3,0.8,3.6
"Life, physical, and social science technicians",19-4000,Summary,389.5,407.6,0.2,0.2,18.1,4.7,42.5
Agricultural and food science technicians,19-4010,Line item,24.2,25.1,0.0,0.0,1.0,4.1,2.8
Biological technicians,19-4021,Line item,87.5,91.8,0.1,0.1,4.3,4.9,9.4
Chemical technicians,19-4031,Line item,68.1,70.0,0.0,0.0,1.9,2.8,6.3
Environmental science and geoscience technicians,19-4040,Summary,53.7,57.7,0.0,0.0,4.0,7.4,5.9
"Environmental science and protection technicians, including health",19-4042,Line item,34.7,37.6,0.0,0.0,2.9,8.4,4.3
Geological and hydrologic technicians,19-4045,Line item,19.0,20.1,0.0,0.0,1.0,5.5,1.6
Nuclear technicians,19-4051,Line item,6.7,5.4,0.0,0.0,-1.3,-18.9,0.5
Social science research assistants,19-4061,Line item,40.1,42.4,0.0,0.0,2.3,5.8,4.8
Forest and conservation technicians,19-4071,Line item,21.2,21.3,0.0,0.0,0.1,0.6,2.3
"Miscellaneous life, physical, and social science technicians",19-4090,Summary,88.1,93.9,0.1,0.1,5.8,6.5,10.6
Forensic science technicians,19-4092,Line item,17.2,19.6,0.0,0.0,2.4,14.1,2.3
"Life, physical, and social science technicians, all other",19-4099,Line item,71.0,74.3,0.0,0.0,3.4,4.7,8.3
Occupational health and safety specialists and technicians,19-5000,Summary,122.6,127.4,0.1,0.1,4.8,4.0,6.7
Occupational health and safety specialists,19-5011,Line item,100.5,104.3,0.1,0.1,3.8,3.8,5.5
Occupational health and safety technicians,19-5012,Line item,22.1,23.1,0.0,0.0,1.0,4.8,1.2
Community and social service occupations,21-0000,Summary,"2,797.7","3,146.3",1.7,1.9,348.6,12.5,309.9
"Counselors, social workers, and other community and social service specialists",21-1000,Summary,"2,331.3","2,663.0",1.4,1.6,331.7,14.2,259.6
Counselors,21-1010,Summary,868.4,"1,005.1",0.5,0.6,136.7,15.7,95.8
"Educational, guidance, and career counselors and advisors",21-1012,Line item,333.5,360.4,0.2,0.2,26.8,8.0,33.1
Marriage and family therapists,21-1013,Line item,66.2,80.9,0.0,0.0,14.8,22.3,7.9
Rehabilitation counselors,21-1015,Line item,120.2,132.5,0.1,0.1,12.3,10.3,12.3
"Substance abuse, behavioral disorder, and mental health counselors",21-1018,Line item,319.4,398.4,0.2,0.2,79.0,24.7,39.4
"Counselors, all other",21-1019,Line item,29.1,32.9,0.0,0.0,3.8,13.0,3.1
Social workers,21-1020,Summary,713.2,803.8,0.4,0.5,90.7,12.7,73.7
"Child, family, and school social workers",21-1021,Line item,342.5,382.6,0.2,0.2,40.1,11.7,34.9
Healthcare social workers,21-1022,Line item,185.0,211.7,0.1,0.1,26.7,14.4,19.6
Mental health and substance abuse social workers,21-1023,Line item,123.2,143.8,0.1,0.1,20.7,16.8,13.4
"Social workers, all other",21-1029,Line item,62.5,65.6,0.0,0.0,3.2,5.1,5.8
Miscellaneous community and social service specialists,21-1090,Summary,749.7,854.0,0.5,0.5,104.3,13.9,90.1
Health education specialists,21-1091,Line item,62.2,69.3,0.0,0.0,7.1,11.4,6.9
Probation officers and correctional treatment specialists,21-1092,Line item,91.8,95.3,0.1,0.1,3.4,3.7,7.3
Social and human service assistants,21-1093,Line item,425.6,497.1,0.3,0.3,71.5,16.8,56.5
Community health workers,21-1094,Line item,64.9,74.8,0.0,0.0,9.9,15.2,7.6
"Community and social service specialists, all other",21-1099,Line item,105.2,117.6,0.1,0.1,12.4,11.7,11.8
Religious workers,21-2000,Summary,466.5,483.4,0.3,0.3,16.9,3.6,50.3
Clergy,21-2011,Line item,243.9,253.6,0.1,0.2,9.7,4.0,24.4
"Directors, religious activities and education",21-2021,Line item,157.5,162.7,0.1,0.1,5.2,3.3,17.7
"Religious workers, all other",21-2099,Line item,65.0,67.1,0.0,0.0,2.1,3.2,8.3
Legal occupations,23-0000,Summary,"1,335.6","1,403.2",0.8,0.8,67.6,5.1,89.6
"Lawyers, judges, and related workers",23-1000,Summary,883.9,918.4,0.5,0.5,34.5,3.9,43.3
Lawyers and judicial law clerks,23-1010,Summary,831.3,864.2,0.5,0.5,32.9,4.0,40.8
Lawyers,23-1011,Line item,813.9,846.3,0.5,0.5,32.3,4.0,39.9
Judicial law clerks,23-1012,Line item,17.3,17.9,0.0,0.0,0.6,3.4,0.8
"Judges, magistrates, and other judicial workers",23-1020,Summary,52.6,54.2,0.0,0.0,1.6,3.1,2.5
"Administrative law judges, adjudicators, and hearing officers",23-1021,Line item,15.4,15.4,0.0,0.0,0.0,0.3,0.7
"Arbitrators, mediators, and conciliators",23-1022,Line item,7.3,7.9,0.0,0.0,0.6,7.7,0.4
"Judges, magistrate judges, and magistrates",23-1023,Line item,29.9,30.9,0.0,0.0,1.0,3.4,1.4
Legal support workers,23-2000,Summary,451.7,484.8,0.3,0.3,33.1,7.3,46.3
Paralegals and legal assistants,23-2011,Line item,337.8,373.1,0.2,0.2,35.3,10.5,37.6
Miscellaneous legal support workers,23-2090,Summary,113.9,111.7,0.1,0.1,-2.2,-2.0,8.7
"Title examiners, abstractors, and searchers",23-2093,Line item,63.6,61.9,0.0,0.0,-1.6,-2.6,4.8
"Legal support workers, all other",23-2099,Line item,50.4,49.8,0.0,0.0,-0.6,-1.2,3.9
Educational instruction and library occupations,25-0000,Summary,"9,744.7","10,185.6",6.0,6.0,441.0,4.5,850.0
Postsecondary teachers,25-1000,Summary,"1,721.5","1,849.7",1.1,1.1,128.2,7.4,145.3
"Business teachers, postsecondary",25-1011,Line item,105.1,117.7,0.1,0.1,12.7,12.0,9.5
"Math and computer science teachers, postsecondary",25-1020,Summary,98.6,100.4,0.1,0.1,1.8,1.8,7.6
"Computer science teachers, postsecondary",25-1021,Line item,38.5,39.5,0.0,0.0,1.0,2.6,3.0
"Mathematical science teachers, postsecondary",25-1022,Line item,60.1,60.8,0.0,0.0,0.8,1.3,4.6
"Engineering and architecture teachers, postsecondary",25-1030,Summary,53.1,57.4,0.0,0.0,4.3,8.1,4.5
"Architecture teachers, postsecondary",25-1031,Line item,8.5,9.0,0.0,0.0,0.4,5.1,0.7
"Engineering teachers, postsecondary",25-1032,Line item,44.6,48.4,0.0,0.0,3.8,8.6,3.8
"Life sciences teachers, postsecondary",25-1040,Summary,78.3,84.6,0.0,0.1,6.3,8.1,6.7
"Agricultural sciences teachers, postsecondary",25-1041,Line item,11.4,11.7,0.0,0.0,0.2,2.1,0.9
"Biological science teachers, postsecondary",25-1042,Line item,64.7,70.7,0.0,0.0,6.0,9.3,5.6
"Forestry and conservation science teachers, postsecondary",25-1043,Line item,2.1,2.2,0.0,0.0,0.0,2.2,0.2
"Physical sciences teachers, postsecondary",25-1050,Summary,64.2,66.6,0.0,0.0,2.4,3.8,5.1
"Atmospheric, earth, marine, and space sciences teachers, postsecondary",25-1051,Line item,13.1,13.4,0.0,0.0,0.2,1.9,1.0
"Chemistry teachers, postsecondary",25-1052,Line item,26.4,27.5,0.0,0.0,1.1,4.3,2.1
"Environmental science teachers, postsecondary",25-1053,Line item,7.6,7.8,0.0,0.0,0.3,3.7,0.6
"Physics teachers, postsecondary",25-1054,Line item,17.1,17.8,0.0,0.0,0.8,4.4,1.4
"Social sciences teachers, postsecondary",25-1060,Summary,145.0,152.7,0.1,0.1,7.7,5.3,11.8
"Anthropology and archeology teachers, postsecondary",25-1061,Line item,7.2,7.5,0.0,0.0,0.3,4.4,0.6
"Area, ethnic, and cultural studies teachers, postsecondary",25-1062,Line item,13.4,14.0,0.0,0.0,0.7,4.9,1.1
"Economics teachers, postsecondary",25-1063,Line item,16.8,17.6,0.0,0.0,0.9,5.2,1.4
"Geography teachers, postsecondary",25-1064,Line item,4.8,5.0,0.0,0.0,0.1,2.9,0.4
"Political science teachers, postsecondary",25-1065,Line item,19.8,20.8,0.0,0.0,1.0,4.9,1.6
"Psychology teachers, postsecondary",25-1066,Line item,46.8,51.0,0.0,0.0,4.1,8.8,4.0
"Sociology teachers, postsecondary",25-1067,Line item,17.0,17.6,0.0,0.0,0.6,3.8,1.3
"Social sciences teachers, postsecondary, all other",25-1069,Line item,19.3,19.2,0.0,0.0,-0.1,-0.3,1.4
"Health teachers, postsecondary",25-1070,Summary,326.9,391.8,0.2,0.2,64.9,19.9,33.2
"Health specialties teachers, postsecondary",25-1071,Line item,254.0,306.1,0.2,0.2,52.1,20.5,26.0
"Nursing instructors and teachers, postsecondary",25-1072,Line item,72.9,85.7,0.0,0.1,12.8,17.6,7.2
"Education and library science teachers, postsecondary",25-1080,Summary,82.6,86.5,0.1,0.1,3.9,4.7,6.7
"Education teachers, postsecondary",25-1081,Line item,77.3,81.0,0.0,0.0,3.7,4.8,6.2
"Library science teachers, postsecondary",25-1082,Line item,5.4,5.5,0.0,0.0,0.2,3.0,0.4
"Law, criminal justice, and social work teachers, postsecondary",25-1110,Summary,55.4,59.0,0.0,0.0,3.6,6.4,4.6
"Criminal justice and law enforcement teachers, postsecondary",25-1111,Line item,16.8,17.9,0.0,0.0,1.1,6.7,1.4
"Law teachers, postsecondary",25-1112,Line item,21.3,22.8,0.0,0.0,1.5,6.9,1.8
"Social work teachers, postsecondary",25-1113,Line item,17.3,18.3,0.0,0.0,1.0,5.7,1.4
"Arts, communications, history, and humanities teachers, postsecondary",25-1120,Summary,320.6,334.7,0.2,0.2,14.0,4.4,25.7
"Art, drama, and music teachers, postsecondary",25-1121,Line item,116.3,122.8,0.1,0.1,6.5,5.6,9.5
"Communications teachers, postsecondary",25-1122,Line item,35.6,36.7,0.0,0.0,1.1,3.2,2.8
"English language and literature teachers, postsecondary",25-1123,Line item,81.3,82.9,0.0,0.0,1.7,2.1,6.3
"Foreign language and literature teachers, postsecondary",25-1124,Line item,30.6,32.3,0.0,0.0,1.7,5.7,2.5
"History teachers, postsecondary",25-1125,Line item,26.0,27.0,0.0,0.0,0.9,3.6,2.1
"Philosophy and religion teachers, postsecondary",25-1126,Line item,30.9,32.9,0.0,0.0,2.1,6.7,2.6
Miscellaneous postsecondary teachers,25-1190,Summary,391.6,398.3,0.2,0.2,6.7,1.7,30.0
"Family and consumer sciences teachers, postsecondary",25-1192,Line item,2.5,2.6,0.0,0.0,0.0,1.3,0.2
"Recreation and fitness studies teachers, postsecondary",25-1193,Line item,19.1,19.6,0.0,0.0,0.5,2.6,1.5
"Career/technical education teachers, postsecondary",25-1194,Line item,124.1,125.5,0.1,0.1,1.3,1.1,9.4
"Postsecondary teachers, all other",25-1199,Line item,245.9,250.7,0.2,0.1,4.8,2.0,18.9
"Preschool, elementary, middle, secondary, and special education teachers",25-2000,Summary,"4,363.9","4,515.6",2.7,2.7,151.8,3.5,322.4
Preschool and kindergarten teachers,25-2010,Summary,668.1,686.3,0.4,0.4,18.2,2.7,62.8
"Preschool teachers, except special education",25-2011,Line item,540.4,553.9,0.3,0.3,13.5,2.5,50.6
"Kindergarten teachers, except special education",25-2012,Line item,127.7,132.4,0.1,0.1,4.7,3.7,12.2
Elementary and middle school teachers,25-2020,Summary,"2,091.0","2,165.3",1.3,1.3,74.3,3.6,148.7
"Elementary school teachers, except special education",25-2021,Line item,"1,452.1","1,503.5",0.9,0.9,51.4,3.5,103.2
"Middle school teachers, except special and career/technical education",25-2022,Line item,627.1,649.6,0.4,0.4,22.5,3.6,44.6
"Career/technical education teachers, middle school",25-2023,Line item,11.8,12.1,0.0,0.0,0.4,3.1,0.8
Secondary school teachers,25-2030,Summary,"1,124.5","1,166.4",0.7,0.7,41.9,3.7,75.9
"Secondary school teachers, except special and career/technical education",25-2031,Line item,"1,050.8","1,090.9",0.6,0.6,40.2,3.8,71.1
"Career/technical education teachers, secondary school",25-2032,Line item,73.8,75.5,0.0,0.0,1.7,2.3,4.8
Special education teachers,25-2050,Summary,480.2,497.7,0.3,0.3,17.4,3.6,35.0
"Special education teachers, preschool",25-2051,Line item,23.0,24.9,0.0,0.0,1.9,8.3,1.8
"Special education teachers, kindergarten and elementary school",25-2052,Line item,193.0,198.6,0.1,0.1,5.6,2.9,13.9
"Special education teachers, middle school",25-2057,Line item,84.7,86.9,0.1,0.1,2.2,2.6,6.1
"Special education teachers, secondary school",25-2058,Line item,143.0,147.6,0.1,0.1,4.6,3.2,10.3
"Special education teachers, all other",25-2059,Line item,36.6,39.7,0.0,0.0,3.1,8.5,2.9
Other teachers and instructors,25-3000,Summary,"1,471.1","1,550.7",0.9,0.9,79.7,5.4,166.3
"Adult basic education, adult secondary education, and English as a Second Language instructors",25-3011,Line item,59.3,53.1,0.0,0.0,-6.2,-10.4,5.3
Self-enrichment teachers,25-3021,Line item,386.2,425.9,0.2,0.3,39.8,10.3,46.5
"Substitute teachers, short-term",25-3031,Line item,619.4,635.3,0.4,0.4,15.9,2.6,67.3
"Tutors and teachers and instructors, all other",25-3097,Line item,406.2,436.4,0.2,0.3,30.2,7.4,47.2
"Librarians, curators, and archivists",25-4000,Summary,278.1,285.9,0.2,0.2,7.8,2.8,31.0
"Archivists, curators, and museum technicians",25-4010,Summary,37.5,41.7,0.0,0.0,4.2,11.2,4.5
Archivists,25-4011,Line item,8.1,8.8,0.0,0.0,0.6,7.9,0.9
Curators,25-4012,Line item,14.5,16.4,0.0,0.0,1.8,12.6,1.8
Museum technicians and conservators,25-4013,Line item,14.8,16.5,0.0,0.0,1.7,11.6,1.8
Librarians and media collections specialists,25-4022,Line item,146.5,153.8,0.1,0.1,7.3,5.0,13.8
Library technicians,25-4031,Line item,94.1,90.5,0.1,0.1,-3.6,-3.9,12.7
Other educational instruction and library occupations,25-9000,Summary,"1,910.2","1,983.7",1.2,1.2,73.5,3.8,185.0
Farm and home management educators,25-9021,Line item,10.4,10.0,0.0,0.0,-0.4,-3.9,0.8
Instructional coordinators,25-9031,Line item,192.9,204.3,0.1,0.1,11.4,5.9,17.7
Teaching assistants,25-9040,Summary,"1,565.5","1,621.7",1.0,1.0,56.3,3.6,153.8
"Teaching assistants, postsecondary",25-9044,Line item,169.6,175.4,0.1,0.1,5.8,3.4,13.4
"Teaching assistants, except postsecondary",25-9045,Line item,"1,395.9","1,446.4",0.9,0.9,50.5,3.6,140.4
"Educational instruction and library workers, all other",25-9099,Line item,141.4,147.7,0.1,0.1,6.2,4.4,12.7
"Arts, design, entertainment, sports, and media occupations",27-0000,Summary,"2,923.6","2,997.6",1.8,1.8,73.9,2.5,293.4
Art and design workers,27-1000,Summary,909.5,876.7,0.6,0.5,-32.9,-3.6,75.6
Artists and related workers,27-1010,Summary,218.6,219.7,0.1,0.1,1.1,0.5,21.0
Art directors,27-1011,Line item,99.1,97.3,0.1,0.1,-1.8,-1.8,9.2
Craft artists,27-1012,Line item,10.6,10.5,0.0,0.0,-0.1,-1.0,1.0
"Fine artists, including painters, sculptors, and illustrators",27-1013,Line item,28.3,28.6,0.0,0.0,0.3,1.0,2.7
Special effects artists and animators,27-1014,Line item,67.5,70.3,0.0,0.0,2.8,4.1,6.9
"Artists and related workers, all other",27-1019,Line item,13.1,13.0,0.0,0.0,0.0,-0.2,1.2
Designers,27-1020,Summary,690.9,657.0,0.4,0.4,-33.9,-4.9,54.6
Commercial and industrial designers,27-1021,Line item,42.2,40.7,0.0,0.0,-1.5,-3.5,3.4
Fashion designers,27-1022,Line item,28.3,27.0,0.0,0.0,-1.3,-4.4,2.3
Floral designers,27-1023,Line item,51.8,41.4,0.0,0.0,-10.4,-20.1,3.0
Graphic designers,27-1024,Line item,281.5,270.8,0.2,0.2,-10.7,-3.8,22.7
Interior designers,27-1025,Line item,77.9,74.1,0.0,0.0,-3.8,-4.9,6.2
Merchandise displayers and window trimmers,27-1026,Line item,180.4,174.2,0.1,0.1,-6.2,-3.4,14.6
Set and exhibit designers,27-1027,Line item,15.2,15.4,0.0,0.0,0.2,1.2,1.3
"Designers, all other",27-1029,Line item,13.6,13.4,0.0,0.0,-0.3,-1.9,1.1
"Entertainers and performers, sports and related workers",27-2000,Summary,841.8,902.4,0.5,0.5,60.6,7.2,104.7
"Actors, producers, and directors",27-2010,Summary,229.6,247.7,0.1,0.1,18.1,7.9,22.3
Actors,27-2011,Line item,70.1,72.2,0.0,0.0,2.1,3.1,7.1
Producers and directors,27-2012,Line item,159.5,175.5,0.1,0.1,16.0,10.0,15.2
"Athletes, coaches, umpires, and related workers",27-2020,Summary,328.4,366.0,0.2,0.2,37.5,11.4,50.7
Athletes and sports competitors,27-2021,Line item,13.6,15.0,0.0,0.0,1.4,10.0,2.1
Coaches and scouts,27-2022,Line item,292.0,326.4,0.2,0.2,34.3,11.8,45.3
"Umpires, referees, and other sports officials",27-2023,Line item,22.8,24.6,0.0,0.0,1.8,8.0,3.4
Dancers and choreographers,27-2030,Summary,16.9,18.0,0.0,0.0,1.0,6.1,2.8
Dancers,27-2031,Line item,11.4,11.7,0.0,0.0,0.3,2.3,1.8
Choreographers,27-2032,Line item,5.5,6.3,0.0,0.0,0.8,14.0,1.0
"Musicians, singers, and related workers",27-2040,Summary,233.6,236.1,0.1,0.1,2.6,1.1,25.3
Music directors and composers,27-2041,Line item,58.0,59.0,0.0,0.0,1.0,1.7,6.3
Musicians and singers,27-2042,Line item,175.6,177.2,0.1,0.1,1.6,0.9,19.0
"Miscellaneous entertainers and performers, sports and related workers",27-2090,Line item,33.3,34.6,0.0,0.0,1.4,4.2,3.6
Media and communication workers,27-3000,Summary,804.0,828.0,0.5,0.5,24.0,3.0,76.1
Broadcast announcers and radio disc jockeys,27-3011,Line item,40.8,38.7,0.0,0.0,-2.1,-5.3,3.7
"News analysts, reporters, and journalists",27-3023,Line item,52.0,46.2,0.0,0.0,-5.8,-11.2,4.3
Public relations specialists,27-3031,Line item,274.6,294.3,0.2,0.2,19.7,7.2,27.1
Writers and editors,27-3040,Summary,308.4,300.9,0.2,0.2,-7.4,-2.4,27.1
Editors,27-3041,Line item,118.7,110.0,0.1,0.1,-8.7,-7.3,9.8
Technical writers,27-3042,Line item,58.4,62.7,0.0,0.0,4.3,7.4,5.7
Writers and authors,27-3043,Line item,131.2,128.2,0.1,0.1,-3.1,-2.3,11.6
Miscellaneous media and communication workers,27-3090,Summary,128.2,148.0,0.1,0.1,19.7,15.4,13.8
Interpreters and translators,27-3091,Line item,77.4,92.9,0.0,0.1,15.5,20.0,8.8
Court reporters and simultaneous captioners,27-3092,Line item,15.7,17.0,0.0,0.0,1.4,8.9,1.4
"Media and communication workers, all other",27-3099,Line item,35.2,38.0,0.0,0.0,2.8,8.1,3.6
Media and communication equipment workers,27-4000,Summary,368.3,390.5,0.2,0.2,22.2,6.0,37.1
Audio and video technicians,27-4011,Line item,91.8,103.1,0.1,0.1,11.3,12.3,10.8
Broadcast technicians,27-4012,Line item,32.7,33.7,0.0,0.0,1.0,3.1,3.4
Sound engineering technicians,27-4014,Line item,15.8,16.7,0.0,0.0,1.0,6.0,1.7
Photographers,27-4021,Line item,133.5,128.7,0.1,0.1,-4.8,-3.6,10.9
"Television, video, and film camera operators and editors",27-4030,Summary,67.9,80.4,0.0,0.0,12.4,18.3,7.4
"Camera operators, television, video, and film",27-4031,Line item,29.7,33.8,0.0,0.0,4.2,14.0,3.0
Film and video editors,27-4032,Line item,38.3,46.5,0.0,0.0,8.3,21.6,4.3
"Lighting technicians and media and communication equipment workers, all other",27-4098,Line item,26.6,27.9,0.0,0.0,1.3,4.9,2.8
Healthcare practitioners and technical occupations,29-0000,Summary,"9,133.7","9,967.3",5.6,5.9,833.6,9.1,570.8
Healthcare diagnosing or treating practitioners,29-1000,Summary,"6,061.2","6,646.8",3.7,3.9,585.5,9.7,339.8
Chiropractors,29-1011,Line item,51.1,53.4,0.0,0.0,2.3,4.5,1.4
Dentists,29-1020,Summary,151.6,155.5,0.1,0.1,4.0,2.6,4.8
"Dentists, general",29-1021,Line item,132.1,135.7,0.1,0.1,3.7,2.8,4.2
Oral and maxillofacial surgeons,29-1022,Line item,5.6,5.7,0.0,0.0,0.1,2.4,0.2
Orthodontists,29-1023,Line item,7.2,7.3,0.0,0.0,0.2,2.4,0.2
Prosthodontists,29-1024,Line item,0.6,0.6,0.0,0.0,0.0,2.2,0.0
"Dentists, all other specialists",29-1029,Line item,6.2,6.2,0.0,0.0,0.0,0.2,0.2
Dietitians and nutritionists,29-1031,Line item,74.2,80.1,0.0,0.0,5.9,8.0,5.3
Optometrists,29-1041,Line item,44.4,46.3,0.0,0.0,1.9,4.3,1.5
Pharmacists,29-1051,Line item,321.7,311.2,0.2,0.2,-10.5,-3.3,11.2
Physician assistants,29-1071,Line item,125.5,164.8,0.1,0.1,39.3,31.3,11.4
Podiatrists,29-1081,Line item,10.5,10.6,0.0,0.0,0.0,0.2,0.5
Therapists,29-1120,Summary,790.7,937.2,0.5,0.6,146.5,18.5,54.3
Occupational therapists,29-1122,Line item,143.3,166.0,0.1,0.1,22.7,15.9,10.3
Physical therapists,29-1123,Line item,258.2,305.2,0.2,0.2,47.0,18.2,15.2
Radiation therapists,29-1124,Line item,18.5,19.9,0.0,0.0,1.3,7.1,1.0
Recreational therapists,29-1125,Line item,19.9,21.6,0.0,0.0,1.7,8.3,1.2
Respiratory therapists,29-1126,Line item,135.8,162.0,0.1,0.1,26.3,19.4,9.2
Speech-language pathologists,29-1127,Line item,162.6,203.1,0.1,0.1,40.5,24.9,13.7
Exercise physiologists,29-1128,Line item,19.8,22.1,0.0,0.0,2.2,11.3,1.4
"Therapists, all other",29-1129,Line item,32.6,37.4,0.0,0.0,4.8,14.6,2.4
Veterinarians,29-1131,Line item,89.2,103.4,0.1,0.1,14.2,15.9,4.5
Registered nurses,29-1141,Line item,"3,096.7","3,318.7",1.9,2.0,221.9,7.2,175.9
Nurse anesthetists,29-1151,Line item,44.9,51.0,0.0,0.0,6.2,13.7,2.9
Nurse midwives,29-1161,Line item,7.2,8.1,0.0,0.0,0.8,11.6,0.5
Nurse practitioners,29-1171,Line item,211.3,322.0,0.1,0.2,110.7,52.4,24.2
Audiologists,29-1181,Line item,13.8,15.6,0.0,0.0,1.8,13.3,0.8
Anesthesiologists,29-1211,Line item,33.8,34.0,0.0,0.0,0.2,0.5,0.9
Family medicine physicians,29-1215,Line item,119.3,126.6,0.1,0.1,7.3,6.1,4.0
General internal medicine physicians,29-1216,Line item,49.5,49.2,0.0,0.0,-0.3,-0.6,1.3
Obstetricians and gynecologists,29-1218,Line item,20.3,20.1,0.0,0.0,-0.3,-1.4,0.5
"Pediatricians, general",29-1221,Line item,32.5,32.0,0.0,0.0,-0.5,-1.6,0.8
Psychiatrists,29-1223,Line item,27.9,31.3,0.0,0.0,3.3,11.9,1.1
"Physicians, all other; and ophthalmologists, except pediatric",29-1228,Line item,429.5,447.9,0.3,0.3,18.5,4.3,13.6
"Surgeons, except ophthalmologists",29-1248,Line item,39.6,38.8,0.0,0.0,-0.9,-2.2,1.0
Miscellaneous healthcare diagnosing or treating practitioners,29-1290,Summary,276.0,289.1,0.2,0.2,13.2,4.8,17.4
Dental hygienists,29-1292,Line item,226.4,239.7,0.1,0.1,13.3,5.9,15.1
"Acupuncturists and healthcare diagnosing or treating practitioners, all other",29-1298,Line item,49.6,49.4,0.0,0.0,-0.1,-0.3,2.3
Health technologists and technicians,29-2000,Summary,"2,978.3","3,215.9",1.8,1.9,237.6,8.0,225.0
Clinical laboratory technologists and technicians,29-2010,Line item,337.8,362.5,0.2,0.2,24.7,7.3,21.6
Cardiovascular technologists and technicians,29-2031,Line item,57.4,60.5,0.0,0.0,3.1,5.4,3.2
Diagnostic medical sonographers,29-2032,Line item,74.3,86.8,0.0,0.1,12.5,16.8,5.1
Nuclear medicine technologists,29-2033,Line item,18.5,19.5,0.0,0.0,1.0,5.4,1.0
Radiologic technologists and technicians,29-2034,Line item,212.0,226.1,0.1,0.1,14.1,6.7,12.0
Magnetic resonance imaging technologists,29-2035,Line item,38.7,41.4,0.0,0.0,2.7,7.0,2.2
Emergency medical technicians and paramedics,29-2040,Line item,265.2,282.2,0.2,0.2,17.0,6.4,17.4
Health practitioner support technologists and technicians,29-2050,Summary,819.0,881.3,0.5,0.5,62.3,7.6,69.2
Dietetic technicians,29-2051,Line item,30.2,32.0,0.0,0.0,1.8,5.9,2.5
Pharmacy technicians,29-2052,Line item,422.3,437.6,0.3,0.3,15.2,3.6,33.4
Psychiatric technicians,29-2053,Line item,82.8,93.8,0.1,0.1,11.0,13.3,7.6
Surgical technologists,29-2055,Line item,111.3,118.9,0.1,0.1,7.6,6.8,9.3
Veterinary technologists and technicians,29-2056,Line item,112.9,131.2,0.1,0.1,18.3,16.2,10.9
Ophthalmic medical technicians,29-2057,Line item,59.5,67.9,0.0,0.0,8.5,14.2,5.6
Licensed practical and licensed vocational nurses,29-2061,Line item,721.7,787.4,0.4,0.5,65.7,9.1,58.4
"Opticians, dispensing",29-2081,Line item,73.8,76.8,0.0,0.0,3.0,4.0,5.7
Orthotists and prosthetists,29-2091,Line item,10.0,11.7,0.0,0.0,1.7,16.9,0.9
Hearing aid specialists,29-2092,Line item,8.1,9.0,0.0,0.0,0.9,10.5,0.6
"Medical dosimetrists, medical records specialists, and health technologists and technicians, all other",29-2098,Line item,341.6,370.6,0.2,0.2,29.0,8.5,27.8
Other healthcare practitioners and technical occupations,29-9000,Summary,94.2,104.7,0.1,0.1,10.5,11.1,6.0
Athletic trainers,29-9091,Line item,32.1,37.3,0.0,0.0,5.2,16.2,2.2
Genetic counselors,29-9092,Line item,2.6,3.2,0.0,0.0,0.6,21.5,0.2
"Health information technologists, medical registrars, surgical assistants, and healthcare practitioners and technical workers, all other",29-9098,Line item,59.4,64.1,0.0,0.0,4.7,7.9,3.5
Healthcare support occupations,31-0000,Summary,"7,013.4","8,598.1",4.3,5.1,"1,584.8",22.6,"1,000.0"
"Home health and personal care aides; and nursing assistants, orderlies, and psychiatric aides",31-1100,Summary,"5,078.4","6,363.8",3.1,3.8,"1,285.4",25.3,755.3
Home health and personal care aides,31-1120,Line item,"3,439.7","4,599.2",2.1,2.7,"1,159.5",33.7,568.8
"Nursing assistants, orderlies, and psychiatric aides",31-1130,Summary,"1,638.7","1,764.6",1.0,1.0,125.9,7.7,186.6
Nursing assistants,31-1131,Line item,"1,528.5","1,645.5",0.9,1.0,116.9,7.6,174.0
Orderlies,31-1132,Line item,50.6,53.1,0.0,0.0,2.5,5.0,5.6
Psychiatric aides,31-1133,Line item,59.5,66.0,0.0,0.0,6.5,10.9,7.1
Occupational therapy and physical therapist assistants and aides,31-2000,Summary,204.4,265.3,0.1,0.2,60.9,29.8,30.0
Occupational therapy assistants and aides,31-2010,Summary,55.1,73.0,0.0,0.0,17.9,32.5,7.9
Occupational therapy assistants,31-2011,Line item,47.1,63.5,0.0,0.0,16.3,34.6,6.9
Occupational therapy aides,31-2012,Line item,8.0,9.5,0.0,0.0,1.6,19.9,1.0
Physical therapist assistants and aides,31-2020,Summary,149.3,192.3,0.1,0.1,43.0,28.8,22.0
Physical therapist assistants,31-2021,Line item,98.7,130.9,0.1,0.1,32.2,32.6,15.1
Physical therapist aides,31-2022,Line item,50.6,61.3,0.0,0.0,10.8,21.3,6.9
Other healthcare support occupations,31-9000,Summary,"1,730.6","1,969.0",1.1,1.2,238.5,13.8,214.7
Massage therapists,31-9011,Line item,166.7,201.1,0.1,0.1,34.4,20.6,22.0
Miscellaneous healthcare support occupations,31-9090,Summary,"1,563.8","1,767.9",1.0,1.0,204.1,13.1,192.7
Dental assistants,31-9091,Line item,354.6,378.0,0.2,0.2,23.4,6.6,39.0
Medical assistants,31-9092,Line item,725.2,864.4,0.4,0.5,139.2,19.2,92.8
Medical equipment preparers,31-9093,Line item,58.7,62.2,0.0,0.0,3.4,5.9,6.7
Medical transcriptionists,31-9094,Line item,58.5,57.2,0.0,0.0,-1.3,-2.2,6.9
Pharmacy aides,31-9095,Line item,37.9,32.0,0.0,0.0,-5.9,-15.7,3.2
Veterinary assistants and laboratory animal caretakers,31-9096,Line item,99.5,115.2,0.1,0.1,15.7,15.8,16.9
Phlebotomists,31-9097,Line item,132.6,155.5,0.1,0.1,22.8,17.2,15.8
"Healthcare support workers, all other",31-9099,Line item,96.9,103.6,0.1,0.1,6.7,6.9,11.3
Protective service occupations,33-0000,Summary,"3,615.9","3,711.1",2.2,2.2,95.2,2.6,387.9
Supervisors of protective service workers,33-1000,Summary,331.9,340.5,0.2,0.2,8.6,2.6,23.5
First-line supervisors of law enforcement workers,33-1010,Summary,174.8,177.6,0.1,0.1,2.8,1.6,11.1
First-line supervisors of correctional officers,33-1011,Line item,48.7,44.9,0.0,0.0,-3.8,-7.8,2.8
First-line supervisors of police and detectives,33-1012,Line item,126.1,132.7,0.1,0.1,6.6,5.2,8.3
First-line supervisors of firefighting and prevention workers,33-1021,Line item,71.5,75.9,0.0,0.0,4.4,6.2,4.6
"Miscellaneous first-line supervisors, protective service workers",33-1090,Line item,85.7,87.0,0.1,0.1,1.3,1.6,7.8
Firefighting and prevention workers,33-2000,Summary,351.9,373.6,0.2,0.2,21.7,6.2,26.0
Firefighters,33-2011,Line item,335.5,355.8,0.2,0.2,20.3,6.1,24.2
Fire inspectors,33-2020,Summary,16.4,17.8,0.0,0.0,1.4,8.5,1.8
Fire inspectors and investigators,33-2021,Line item,14.2,15.0,0.0,0.0,0.8,5.9,1.5
Forest fire inspectors and prevention specialists,33-2022,Line item,2.3,2.8,0.0,0.0,0.5,24.3,0.3
Law enforcement workers,33-3000,Summary,"1,283.9","1,288.5",0.8,0.8,4.6,0.4,94.0
"Bailiffs, correctional officers, and jailers",33-3010,Summary,462.3,429.2,0.3,0.3,-33.1,-7.2,34.7
Bailiffs,33-3011,Line item,20.3,20.3,0.0,0.0,-0.1,-0.3,1.7
Correctional officers and jailers,33-3012,Line item,442.0,408.9,0.3,0.2,-33.1,-7.5,33.0
Detectives and criminal investigators,33-3021,Line item,113.5,114.7,0.1,0.1,1.3,1.1,7.3
Fish and game wardens,33-3031,Line item,7.2,7.3,0.0,0.0,0.1,1.2,0.5
Parking enforcement workers,33-3041,Line item,8.1,5.2,0.0,0.0,-2.9,-36.2,0.2
Police officers,33-3050,Summary,692.9,732.1,0.4,0.4,39.2,5.7,51.3
Police and sheriff's patrol officers,33-3051,Line item,688.4,727.4,0.4,0.4,39.1,5.7,51.0
Transit and railroad police,33-3052,Line item,4.5,4.7,0.0,0.0,0.2,4.0,0.3
Other protective service workers,33-9000,Summary,"1,648.2","1,708.5",1.0,1.0,60.3,3.7,244.4
Animal control workers,33-9011,Line item,13.9,14.8,0.0,0.0,0.9,6.5,1.4
Private detectives and investigators,33-9021,Line item,36.2,39.2,0.0,0.0,3.0,8.3,3.3
Security guards and gambling surveillance officers,33-9030,Summary,"1,164.6","1,197.9",0.7,0.7,33.3,2.9,144.0
Gambling surveillance officers and gambling investigators,33-9031,Line item,10.5,11.1,0.0,0.0,0.6,5.6,1.4
Security guards,33-9032,Line item,"1,154.1","1,186.8",0.7,0.7,32.8,2.8,142.7
Miscellaneous protective service workers,33-9090,Summary,433.5,456.6,0.3,0.3,23.1,5.3,95.7
Crossing guards and flaggers,33-9091,Line item,86.7,91.6,0.1,0.1,5.0,5.7,15.4
"Lifeguards, ski patrol, and other recreational protective service workers",33-9092,Line item,149.8,163.3,0.1,0.1,13.5,9.0,39.3
Transportation security screeners,33-9093,Line item,51.4,49.8,0.0,0.0,-1.6,-3.1,4.3
"School bus monitors and protective service workers, all other",33-9098,Line item,145.6,151.8,0.1,0.1,6.2,4.3,36.7
Food preparation and serving related occupations,35-0000,Summary,"13,761.3","14,769.7",8.5,8.7,"1,008.4",7.3,"2,412.8"
Supervisors of food preparation and serving workers,35-1000,Summary,"1,188.0","1,258.3",0.7,0.7,70.4,5.9,171.1
Chefs and head cooks,35-1011,Line item,148.7,158.1,0.1,0.1,9.5,6.4,18.5
First-line supervisors of food preparation and serving workers,35-1012,Line item,"1,039.3","1,100.2",0.6,0.7,60.9,5.9,152.6
Cooks and food preparation workers,35-2000,Summary,"3,458.5","3,705.6",2.1,2.2,247.2,7.1,514.4
Cooks,35-2010,Summary,"2,571.7","2,828.4",1.6,1.7,256.6,10.0,374.9
"Cooks, fast food",35-2011,Line item,534.0,462.3,0.3,0.3,-71.6,-13.4,57.3
"Cooks, institution and cafeteria",35-2012,Line item,420.2,428.7,0.3,0.3,8.5,2.0,55.8
"Cooks, private household",35-2013,Line item,23.8,22.3,0.0,0.0,-1.5,-6.3,2.8
"Cooks, restaurant",35-2014,Line item,"1,417.3","1,744.6",0.9,1.0,327.3,23.1,237.2
"Cooks, short order",35-2015,Line item,154.7,147.9,0.1,0.1,-6.8,-4.4,18.9
"Cooks, all other",35-2019,Line item,21.8,22.5,0.0,0.0,0.8,3.5,2.9
Food preparation workers,35-2021,Line item,886.7,877.2,0.5,0.5,-9.5,-1.1,139.4
Food and beverage serving workers,35-3000,Summary,"7,600.8","8,217.1",4.7,4.9,616.3,8.1,"1,456.1"
Bartenders,35-3011,Line item,654.7,693.1,0.4,0.4,38.4,5.9,108.7
Fast food and counter workers,35-3023,Line item,"4,047.7","4,508.6",2.5,2.7,460.9,11.4,826.6
Waiters and waitresses,35-3031,Line item,"2,613.8","2,711.4",1.6,1.6,97.6,3.7,475.7
"Food servers, nonrestaurant",35-3041,Line item,284.6,303.9,0.2,0.2,19.3,6.8,45.1
Other food preparation and serving related workers,35-9000,Summary,"1,514.1","1,588.7",0.9,0.9,74.6,4.9,271.2
Dining room and cafeteria attendants and bartender helpers,35-9011,Line item,488.0,519.9,0.3,0.3,31.9,6.5,83.0
Dishwashers,35-9021,Line item,522.3,524.7,0.3,0.3,2.4,0.5,77.6
"Hosts and hostesses, restaurant, lounge, and coffee shop",35-9031,Line item,429.7,464.9,0.3,0.3,35.2,8.2,98.1
"Food preparation and serving related workers, all other",35-9099,Line item,74.1,79.2,0.0,0.0,5.1,6.9,12.6
Building and grounds cleaning and maintenance occupations,37-0000,Summary,"5,664.0","5,943.4",3.5,3.5,279.5,4.9,721.9
Supervisors of building and grounds cleaning and maintenance workers,37-1000,Summary,402.6,441.3,0.2,0.3,38.8,9.6,45.6
First-line supervisors of housekeeping and janitorial workers,37-1011,Line item,231.9,251.2,0.1,0.1,19.4,8.4,26.8
"First-line supervisors of landscaping, lawn service, and groundskeeping workers",37-1012,Line item,170.7,190.1,0.1,0.1,19.4,11.4,18.9
Building cleaning and pest control workers,37-2000,Summary,"3,956.1","4,066.0",2.4,2.4,109.9,2.8,501.8
Building cleaning workers,37-2010,Summary,"3,868.5","3,970.9",2.4,2.4,102.4,2.6,489.7
"Janitors and cleaners, except maids and housekeeping cleaners",37-2011,Line item,"2,374.2","2,479.8",1.5,1.5,105.6,4.4,305.6
Maids and housekeeping cleaners,37-2012,Line item,"1,474.9","1,470.7",0.9,0.9,-4.1,-0.3,181.5
"Building cleaning workers, all other",37-2019,Line item,19.4,20.4,0.0,0.0,0.9,4.8,2.5
Pest control workers,37-2021,Line item,87.6,95.0,0.1,0.1,7.5,8.5,12.1
Grounds maintenance workers,37-3000,Summary,"1,305.3","1,436.1",0.8,0.9,130.8,10.0,174.5
Landscaping and groundskeeping workers,37-3011,Line item,"1,188.0","1,307.9",0.7,0.8,119.9,10.1,158.9
"Pesticide handlers, sprayers, and applicators, vegetation",37-3012,Line item,38.1,41.2,0.0,0.0,3.2,8.3,5.0
Tree trimmers and pruners,37-3013,Line item,62.0,68.6,0.0,0.0,6.6,10.7,8.3
"Grounds maintenance workers, all other",37-3019,Line item,17.4,18.5,0.0,0.0,1.1,6.5,2.2
Personal care and service occupations,39-0000,Summary,"4,724.1","5,088.4",2.9,3.0,364.3,7.7,717.4
Supervisors of personal care and service workers,39-1000,Summary,371.1,415.7,0.2,0.2,44.5,12.0,41.5
First-line supervisors of gambling services workers,39-1013,Line item,58.0,67.5,0.0,0.0,9.5,16.4,9.7
"First-line supervisors of personal service and entertainment and recreation workers, except gambling services",39-1098,Line item,313.1,348.1,0.2,0.2,35.0,11.2,31.8
Animal care and service workers,39-2000,Summary,350.9,426.4,0.2,0.3,75.5,21.5,62.4
Animal trainers,39-2011,Line item,50.2,56.9,0.0,0.0,6.7,13.3,7.6
Animal caretakers,39-2021,Line item,300.7,369.5,0.2,0.2,68.8,22.9,54.9
Entertainment attendants and related workers,39-3000,Summary,654.9,707.0,0.4,0.4,52.1,8.0,140.8
Gambling services workers,39-3010,Summary,124.2,133.2,0.1,0.1,9.0,7.2,19.7
Gambling dealers,39-3011,Line item,102.9,110.7,0.1,0.1,7.9,7.7,16.4
Gambling and sports book writers and runners,39-3012,Line item,10.4,10.8,0.0,0.0,0.4,3.7,1.6
"Gambling service workers, all other",39-3019,Line item,10.9,11.6,0.0,0.0,0.7,6.5,1.7
Motion picture projectionists,39-3021,Line item,4.7,4.1,0.0,0.0,-0.5,-11.2,0.9
"Ushers, lobby attendants, and ticket takers",39-3031,Line item,139.0,143.7,0.1,0.1,4.7,3.3,31.9
Miscellaneous entertainment attendants and related workers,39-3090,Summary,387.0,426.1,0.2,0.3,39.0,10.1,88.3
Amusement and recreation attendants,39-3091,Line item,357.7,394.7,0.2,0.2,37.0,10.3,81.8
Costume attendants,39-3092,Line item,7.7,8.1,0.0,0.0,0.4,4.7,1.7
"Locker room, coatroom, and dressing room attendants",39-3093,Line item,16.8,18.1,0.0,0.0,1.4,8.1,3.8
"Entertainment attendants and related workers, all other",39-3099,Line item,4.8,5.1,0.0,0.0,0.3,6.2,1.1
Embalmers,39-4011,Line item,3.9,3.6,0.0,0.0,-0.3,-7.6,0.5
Funeral attendants,39-4021,Line item,34.3,33.3,0.0,0.0,-1.0,-2.9,5.0
"Morticians, undertakers, and funeral arrangers",39-4031,Line item,26.6,26.1,0.0,0.0,-0.5,-2.0,2.7
Personal appearance workers,39-5000,Summary,978.0,"1,014.1",0.6,0.6,36.1,3.7,110.7
"Barbers, hairdressers, hairstylists and cosmetologists",39-5010,Summary,722.6,713.3,0.4,0.4,-9.2,-1.3,77.8
Barbers,39-5011,Line item,66.5,71.5,0.0,0.0,5.0,7.5,7.2
"Hairdressers, hairstylists, and cosmetologists",39-5012,Line item,656.1,641.8,0.4,0.4,-14.2,-2.2,70.6
Miscellaneous personal appearance workers,39-5090,Summary,255.4,300.8,0.2,0.2,45.4,17.8,32.9
"Makeup artists, theatrical and performance",39-5091,Line item,4.7,5.2,0.0,0.0,0.5,11.0,0.6
Manicurists and pedicurists,39-5092,Line item,155.3,185.2,0.1,0.1,29.9,19.2,20.4
Shampooers,39-5093,Line item,16.8,18.8,0.0,0.0,1.9,11.4,2.0
Skincare specialists,39-5094,Line item,78.6,91.6,0.0,0.1,13.1,16.6,10.0
"Baggage porters, bellhops, and concierges",39-6000,Summary,83.3,88.3,0.1,0.1,5.0,6.0,11.6
Baggage porters and bellhops,39-6011,Line item,40.6,42.8,0.0,0.0,2.2,5.3,5.6
Concierges,39-6012,Line item,42.6,45.5,0.0,0.0,2.9,6.7,6.0
Tour and travel guides,39-7000,Summary,57.3,60.5,0.0,0.0,3.1,5.4,9.6
Tour and travel guides,39-7010,Line item,57.3,60.5,0.0,0.0,3.1,5.4,9.6
Childcare workers,39-9011,Line item,"1,146.4","1,165.9",0.7,0.7,19.5,1.7,160.2
Recreation and fitness workers,39-9030,Summary,790.9,890.0,0.5,0.5,99.1,12.5,136.6
Exercise trainers and group fitness instructors,39-9031,Line item,373.7,431.3,0.2,0.3,57.6,15.4,66.4
Recreation workers,39-9032,Line item,417.1,458.7,0.3,0.3,41.5,10.0,70.2
Residential advisors,39-9041,Line item,115.2,128.7,0.1,0.1,13.6,11.8,18.5
"Crematory operators and personal care and service workers, all other",39-9098,Line item,111.3,128.8,0.1,0.1,17.5,15.7,17.1
Sales and related occupations,41-0000,Summary,"15,525.3","15,222.0",9.5,9.0,-303.4,-2.0,"1,856.1"
Supervisors of sales workers,41-1000,Summary,"1,886.3","1,771.0",1.2,1.0,-115.3,-6.1,159.8
First-line supervisors of retail sales workers,41-1011,Line item,"1,476.4","1,395.3",0.9,0.8,-81.2,-5.5,131.0
First-line supervisors of non-retail sales workers,41-1012,Line item,409.8,375.7,0.3,0.2,-34.1,-8.3,28.8
Retail sales workers,41-2000,Summary,"8,676.0","8,396.0",5.3,5.0,-280.0,-3.2,"1,205.6"
Cashiers,41-2010,Summary,"3,622.5","3,357.7",2.2,2.0,-264.8,-7.3,562.3
Cashiers,41-2011,Line item,"3,600.9","3,335.5",2.2,2.0,-265.3,-7.4,558.6
Gambling change persons and booth cashiers,41-2012,Line item,21.7,22.2,0.0,0.0,0.5,2.5,3.8
Counter and rental clerks and parts salespersons,41-2020,Summary,682.1,691.9,0.4,0.4,9.9,1.4,75.2
Counter and rental clerks,41-2021,Line item,420.4,424.9,0.3,0.3,4.5,1.1,46.1
Parts salespersons,41-2022,Line item,261.7,267.0,0.2,0.2,5.3,2.0,29.1
Retail salespersons,41-2031,Line item,"4,371.4","4,346.3",2.7,2.6,-25.1,-0.6,568.1
"Sales representatives, services",41-3000,Summary,"2,257.2","2,336.0",1.4,1.4,78.8,3.5,230.3
Advertising sales agents,41-3011,Line item,139.2,130.2,0.1,0.1,-9.0,-6.5,14.4
Insurance sales agents,41-3021,Line item,501.3,528.8,0.3,0.3,27.5,5.5,45.9
"Securities, commodities, and financial services sales agents",41-3031,Line item,464.2,481.6,0.3,0.3,17.4,3.7,40.5
Travel agents,41-3041,Line item,82.0,60.8,0.1,0.0,-21.3,-25.9,5.7
"Sales representatives of services, except advertising, insurance, financial services, and travel",41-3091,Line item,"1,070.5","1,134.7",0.7,0.7,64.2,6.0,123.8
"Sales representatives, wholesale and manufacturing",41-4000,Summary,"1,720.7","1,747.0",1.1,1.0,26.2,1.5,158.2
"Sales representatives, wholesale and manufacturing, technical and scientific products",41-4011,Line item,321.0,334.0,0.2,0.2,13.0,4.1,30.7
"Sales representatives, wholesale and manufacturing, except technical and scientific products",41-4012,Line item,"1,399.7","1,412.9",0.9,0.8,13.2,0.9,127.5
Other sales and related workers,41-9000,Summary,985.2,972.1,0.6,0.6,-13.1,-1.3,102.2
"Models, demonstrators, and product promoters",41-9010,Summary,90.8,93.6,0.1,0.1,2.7,3.0,15.7
Demonstrators and product promoters,41-9011,Line item,88.1,90.9,0.1,0.1,2.7,3.1,15.3
Models,41-9012,Line item,2.7,2.7,0.0,0.0,0.0,0.5,0.5
Real estate brokers and sales agents,41-9020,Summary,477.2,488.5,0.3,0.3,11.3,2.4,41.1
Real estate brokers,41-9021,Line item,100.7,103.3,0.1,0.1,2.7,2.6,8.7
Real estate sales agents,41-9022,Line item,376.5,385.2,0.2,0.2,8.7,2.3,32.4
Sales engineers,41-9031,Line item,64.5,68.6,0.0,0.0,4.1,6.3,6.7
Telemarketers,41-9041,Line item,136.9,117.5,0.1,0.1,-19.4,-14.2,15.5
Miscellaneous sales and related workers,41-9090,Summary,215.8,203.9,0.1,0.1,-11.9,-5.5,23.1
"Door-to-door sales workers, news and street vendors, and related workers",41-9091,Line item,72.9,58.3,0.0,0.0,-14.6,-20.0,6.3
"Sales and related workers, all other",41-9099,Line item,142.9,145.6,0.1,0.1,2.7,1.9,16.9
Office and administrative support occupations,43-0000,Summary,"20,633.0","19,673.3",12.7,11.7,-959.7,-4.7,"2,017.4"
Supervisors of office and administrative support workers,43-1000,Summary,"1,552.4","1,505.7",1.0,0.9,-46.7,-3.0,138.2
First-line supervisors of office and administrative support workers,43-1011,Line item,"1,552.4","1,505.7",1.0,0.9,-46.7,-3.0,138.2
Communications equipment operators,43-2000,Summary,78.5,61.7,0.0,0.0,-16.8,-21.4,5.5
"Switchboard operators, including answering service",43-2011,Line item,69.9,54.1,0.0,0.0,-15.7,-22.5,4.7
Telephone operators,43-2021,Line item,5.0,3.6,0.0,0.0,-1.4,-27.9,0.4
"Communications equipment operators, all other",43-2099,Line item,3.6,3.9,0.0,0.0,0.3,9.1,0.4
Financial clerks,43-3000,Summary,"3,111.1","2,932.9",1.9,1.7,-178.3,-5.7,294.1
Bill and account collectors,43-3011,Line item,238.9,223.5,0.1,0.1,-15.4,-6.4,22.9
Billing and posting clerks,43-3021,Line item,484.2,493.5,0.3,0.3,9.3,1.9,48.1
"Bookkeeping, accounting, and auditing clerks",43-3031,Line item,"1,673.6","1,578.2",1.0,0.9,-95.4,-5.7,162.1
Gambling cage workers,43-3041,Line item,14.6,15.4,0.0,0.0,0.8,5.7,1.8
Payroll and timekeeping clerks,43-3051,Line item,149.8,143.1,0.1,0.1,-6.7,-4.5,13.7
Procurement clerks,43-3061,Line item,68.5,63.4,0.0,0.0,-5.1,-7.5,5.3
Tellers,43-3071,Line item,449.0,380.4,0.3,0.2,-68.6,-15.3,36.7
"Financial clerks, all other",43-3099,Line item,32.6,35.4,0.0,0.0,2.8,8.6,3.6
Information and record clerks,43-4000,Summary,"6,012.8","5,963.6",3.7,3.5,-49.2,-0.8,689.6
Brokerage clerks,43-4011,Line item,48.6,50.5,0.0,0.0,1.9,3.8,4.9
Correspondence clerks,43-4021,Line item,6.8,6.6,0.0,0.0,-0.2,-3.2,0.7
"Court, municipal, and license clerks",43-4031,Line item,163.7,171.6,0.1,0.1,7.9,4.8,15.6
"Credit authorizers, checkers, and clerks",43-4041,Line item,26.9,25.6,0.0,0.0,-1.3,-4.8,2.2
Customer service representatives,43-4051,Line item,"3,018.8","2,959.8",1.9,1.8,-59.0,-2.0,350.2
"Eligibility interviewers, government programs",43-4061,Line item,147.5,153.1,0.1,0.1,5.7,3.8,13.7
File clerks,43-4071,Line item,106.7,91.1,0.1,0.1,-15.6,-14.6,9.4
"Hotel, motel, and resort desk clerks",43-4081,Line item,276.5,257.4,0.2,0.2,-19.1,-6.9,38.5
"Interviewers, except eligibility and loan",43-4111,Line item,201.9,207.0,0.1,0.1,5.1,2.5,23.9
"Library assistants, clerical",43-4121,Line item,90.5,87.0,0.1,0.1,-3.5,-3.8,12.2
Loan interviewers and clerks,43-4131,Line item,212.6,230.3,0.1,0.1,17.7,8.3,21.2
New accounts clerks,43-4141,Line item,44.3,37.8,0.0,0.0,-6.5,-14.7,3.4
Order clerks,43-4151,Line item,146.0,129.1,0.1,0.1,-16.8,-11.5,12.8
"Human resources assistants, except payroll and timekeeping",43-4161,Line item,123.9,117.7,0.1,0.1,-6.2,-5.0,11.5
Receptionists and information clerks,43-4171,Line item,"1,105.3","1,144.7",0.7,0.7,39.5,3.6,139.2
Reservation and transportation ticket agents and travel clerks,43-4181,Line item,126.3,122.7,0.1,0.1,-3.7,-2.9,12.5
"Information and record clerks, all other",43-4199,Line item,166.5,171.5,0.1,0.1,5.1,3.0,17.8
"Material recording, scheduling, dispatching, and distributing workers",43-5000,Summary,"2,206.1","2,093.6",1.4,1.2,-112.5,-5.1,171.9
Cargo and freight agents,43-5011,Line item,97.2,102.6,0.1,0.1,5.4,5.5,9.1
Couriers and messengers,43-5021,Line item,121.8,119.1,0.1,0.1,-2.7,-2.2,10.4
Dispatchers,43-5030,Summary,302.9,307.1,0.2,0.2,4.2,1.4,26.3
Public safety telecommunicators,43-5031,Line item,98.3,104.3,0.1,0.1,6.1,6.2,9.2
"Dispatchers, except police, fire, and ambulance",43-5032,Line item,204.6,202.7,0.1,0.1,-1.9,-0.9,17.1
"Meter readers, utilities",43-5041,Line item,30.9,27.4,0.0,0.0,-3.6,-11.5,2.2
Postal service workers,43-5050,Summary,503.1,430.9,0.3,0.3,-72.2,-14.3,25.6
Postal service clerks,43-5051,Line item,78.1,67.5,0.0,0.0,-10.5,-13.5,4.3
Postal service mail carriers,43-5052,Line item,326.6,282.5,0.2,0.2,-44.1,-13.5,16.1
"Postal service mail sorters, processors, and processing machine operators",43-5053,Line item,98.5,80.9,0.1,0.0,-17.6,-17.8,5.2
"Production, planning, and expediting clerks",43-5061,Line item,378.5,393.3,0.2,0.2,14.8,3.9,37.5
"Shipping, receiving, and inventory clerks",43-5071,Line item,710.4,648.8,0.4,0.4,-61.5,-8.7,54.3
"Weighers, measurers, checkers, and samplers, recordkeeping",43-5111,Line item,61.3,64.5,0.0,0.0,3.1,5.1,6.4
Secretaries and administrative assistants,43-6000,Summary,"3,638.8","3,311.4",2.2,2.0,-327.4,-9.0,321.8
Executive secretaries and executive administrative assistants,43-6011,Line item,593.4,472.4,0.4,0.3,-121.1,-20.4,42.3
Legal secretaries and administrative assistants,43-6012,Line item,171.8,133.8,0.1,0.1,-38.0,-22.1,11.8
Medical secretaries and administrative assistants,43-6013,Line item,623.4,682.7,0.4,0.4,59.3,9.5,72.6
"Secretaries and administrative assistants, except legal, medical, and executive",43-6014,Line item,"2,250.2","2,022.6",1.4,1.2,-227.5,-10.1,195.2
Other office and administrative support workers,43-9000,Summary,"4,033.3","3,804.4",2.5,2.3,-228.9,-5.7,396.3
Data entry and information processing workers,43-9020,Summary,225.1,163.5,0.1,0.1,-61.6,-27.4,13.8
Data entry keyers,43-9021,Line item,172.4,130.0,0.1,0.1,-42.4,-24.6,10.9
Word processors and typists,43-9022,Line item,52.7,33.5,0.0,0.0,-19.2,-36.4,2.9
Desktop publishers,43-9031,Line item,10.4,8.4,0.0,0.0,-2.0,-19.0,0.8
Insurance claims and policy processing clerks,43-9041,Line item,293.9,287.3,0.2,0.2,-6.6,-2.2,25.5
"Mail clerks and mail machine operators, except postal service",43-9051,Line item,88.4,82.5,0.1,0.0,-6.0,-6.7,8.3
"Office clerks, general",43-9061,Line item,"3,126.3","2,970.4",1.9,1.8,-155.9,-5.0,317.5
"Office machine operators, except computer",43-9071,Line item,47.3,41.1,0.0,0.0,-6.2,-13.1,3.8
Proofreaders and copy markers,43-9081,Line item,10.3,10.1,0.0,0.0,-0.3,-2.7,1.2
Statistical assistants,43-9111,Line item,10.8,11.5,0.0,0.0,0.7,6.4,1.3
"Office and administrative support workers, all other",43-9199,Line item,220.8,229.6,0.1,0.1,8.8,4.0,24.1
"Farming, fishing, and forestry occupations",45-0000,Summary,"1,116.6","1,115.1",0.7,0.7,-1.5,-0.1,159.7
"Supervisors of farming, fishing, and forestry workers",45-1000,Summary,53.2,52.6,0.0,0.0,-0.6,-1.1,6.9
"First-line supervisors of farming, fishing, and forestry workers",45-1011,Line item,53.2,52.6,0.0,0.0,-0.6,-1.1,6.9
Agricultural workers,45-2000,Summary,956.5,966.0,0.6,0.6,9.5,1.0,139.6
Agricultural inspectors,45-2011,Line item,15.2,15.5,0.0,0.0,0.3,1.8,2.2
Animal breeders,45-2021,Line item,8.4,8.1,0.0,0.0,-0.3,-3.2,1.2
"Graders and sorters, agricultural products",45-2041,Line item,38.3,38.3,0.0,0.0,0.0,0.0,5.0
Miscellaneous agricultural workers,45-2090,Summary,894.5,904.0,0.5,0.5,9.5,1.1,131.2
Agricultural equipment operators,45-2091,Line item,70.3,78.3,0.0,0.0,8.0,11.4,11.6
"Farmworkers and laborers, crop, nursery, and greenhouse",45-2092,Line item,566.5,587.9,0.3,0.3,21.4,3.8,85.8
"Farmworkers, farm, ranch, and aquacultural animals",45-2093,Line item,245.4,225.1,0.2,0.1,-20.3,-8.3,32.1
"Agricultural workers, all other",45-2099,Line item,12.3,12.7,0.0,0.0,0.4,2.9,1.8
Fishing and hunting workers,45-3000,Summary,36.7,33.9,0.0,0.0,-2.8,-7.7,4.6
Fishing and hunting workers,45-3031,Line item,36.7,33.9,0.0,0.0,-2.8,-7.7,4.6
"Forest, conservation, and logging workers",45-4000,Summary,70.1,62.6,0.0,0.0,-7.6,-10.8,8.5
Forest and conservation workers,45-4011,Line item,13.2,13.1,0.0,0.0,-0.1,-0.5,1.8
Logging workers,45-4020,Summary,56.9,49.4,0.0,0.0,-7.5,-13.2,6.7
Fallers,45-4021,Line item,7.2,6.0,0.0,0.0,-1.2,-16.7,0.8
Logging equipment operators,45-4022,Line item,39.2,34.3,0.0,0.0,-4.9,-12.5,4.7
Log graders and scalers,45-4023,Line item,4.8,4.3,0.0,0.0,-0.6,-11.4,0.6
"Logging workers, all other",45-4029,Line item,5.7,4.9,0.0,0.0,-0.8,-14.5,0.7
Construction and extraction occupations,47-0000,Summary,"7,349.1","7,645.4",4.5,4.5,296.3,4.0,733.9
Supervisors of construction and extraction workers,47-1000,Summary,685.0,718.0,0.4,0.4,33.0,4.8,65.5
First-line supervisors of construction trades and extraction workers,47-1011,Line item,685.0,718.0,0.4,0.4,33.0,4.8,65.5
Construction trades workers,47-2000,Summary,"5,681.0","5,872.4",3.5,3.5,191.3,3.4,550.9
Boilermakers,47-2011,Line item,15.9,16.0,0.0,0.0,0.1,0.9,1.4
"Brickmasons, blockmasons, and stonemasons",47-2020,Summary,98.7,93.0,0.1,0.1,-5.8,-5.9,7.8
Brickmasons and blockmasons,47-2021,Line item,81.9,76.7,0.1,0.0,-5.2,-6.4,6.4
Stonemasons,47-2022,Line item,16.8,16.3,0.0,0.0,-0.5,-3.2,1.4
Carpenters,47-2031,Line item,"1,024.1","1,019.9",0.6,0.6,-4.2,-0.4,89.0
"Carpet, floor, and tile installers and finishers",47-2040,Summary,123.4,127.5,0.1,0.1,4.1,3.3,10.7
Carpet installers,47-2041,Line item,36.5,33.3,0.0,0.0,-3.2,-8.9,2.5
"Floor layers, except carpet, wood, and hard tiles",47-2042,Line item,22.9,25.2,0.0,0.0,2.3,9.9,2.2
Floor sanders and finishers,47-2043,Line item,7.0,7.1,0.0,0.0,0.2,2.2,0.6
Tile and stone setters,47-2044,Line item,57.0,61.9,0.0,0.0,4.9,8.6,5.4
"Cement masons, concrete finishers, and terrazzo workers",47-2050,Summary,203.4,199.2,0.1,0.1,-4.3,-2.1,17.0
Cement masons and concrete finishers,47-2051,Line item,200.4,196.4,0.1,0.1,-3.9,-2.0,16.8
Terrazzo workers and finishers,47-2053,Line item,3.0,2.7,0.0,0.0,-0.3,-10.3,0.2
Construction laborers,47-2061,Line item,"1,398.0","1,473.4",0.9,0.9,75.4,5.4,141.1
Construction equipment operators,47-2070,Summary,468.3,487.5,0.3,0.3,19.2,4.1,49.5
"Paving, surfacing, and tamping equipment operators",47-2071,Line item,46.6,48.8,0.0,0.0,2.2,4.7,5.2
Pile driver operators,47-2072,Line item,3.6,3.8,0.0,0.0,0.2,4.4,0.4
Operating engineers and other construction equipment operators,47-2073,Line item,418.0,434.9,0.3,0.3,16.9,4.0,43.9
"Drywall installers, ceiling tile installers, and tapers",47-2080,Summary,146.9,146.6,0.1,0.1,-0.3,-0.2,11.8
Drywall and ceiling tile installers,47-2081,Line item,125.1,125.6,0.1,0.1,0.5,0.4,10.1
Tapers,47-2082,Line item,21.8,21.0,0.0,0.0,-0.9,-4.0,1.6
Electricians,47-2111,Line item,739.2,801.4,0.5,0.5,62.2,8.4,82.2
Glaziers,47-2121,Line item,52.8,54.8,0.0,0.0,2.1,3.9,5.4
Insulation workers,47-2130,Summary,61.3,63.1,0.0,0.0,1.8,2.9,6.0
"Insulation workers, floor, ceiling, and wall",47-2131,Line item,34.0,34.5,0.0,0.0,0.6,1.6,3.2
"Insulation workers, mechanical",47-2132,Line item,27.3,28.6,0.0,0.0,1.2,4.5,2.7
Painters and paperhangers,47-2140,Summary,385.0,385.9,0.2,0.2,0.8,0.2,32.8
"Painters, construction and maintenance",47-2141,Line item,379.5,380.3,0.2,0.2,0.9,0.2,32.3
Paperhangers,47-2142,Line item,5.6,5.5,0.0,0.0,0.0,-0.8,0.5
"Pipelayers, plumbers, pipefitters, and steamfitters",47-2150,Summary,529.0,551.8,0.3,0.3,22.8,4.3,53.8
Pipelayers,47-2151,Line item,38.9,40.7,0.0,0.0,1.8,4.7,4.0
"Plumbers, pipefitters, and steamfitters",47-2152,Line item,490.2,511.1,0.3,0.3,20.9,4.3,49.8
Plasterers and stucco masons,47-2161,Line item,27.7,28.8,0.0,0.0,1.1,4.1,2.3
Reinforcing iron and rebar workers,47-2171,Line item,18.8,19.8,0.0,0.0,0.9,5.0,2.6
Roofers,47-2181,Line item,161.6,165.4,0.1,0.1,3.8,2.4,14.7
Sheet metal workers,47-2211,Line item,137.7,139.5,0.1,0.1,1.8,1.3,12.7
Structural iron and steel workers,47-2221,Line item,77.0,80.6,0.0,0.0,3.6,4.7,8.1
Solar photovoltaic installers,47-2231,Line item,12.0,18.1,0.0,0.0,6.1,50.5,2.3
"Helpers, construction trades",47-3000,Summary,245.9,251.5,0.2,0.1,5.6,2.3,29.0
"Helpers--brickmasons, blockmasons, stonemasons, and tile and marble setters",47-3011,Line item,23.4,22.3,0.0,0.0,-1.1,-4.7,2.5
Helpers--carpenters,47-3012,Line item,33.2,33.7,0.0,0.0,0.4,1.3,3.9
Helpers--electricians,47-3013,Line item,81.1,82.3,0.0,0.0,1.2,1.5,9.5
"Helpers--painters, paperhangers, plasterers, and stucco masons",47-3014,Line item,11.0,11.2,0.0,0.0,0.2,1.9,1.3
"Helpers--pipelayers, plumbers, pipefitters, and steamfitters",47-3015,Line item,59.3,62.6,0.0,0.0,3.3,5.6,7.3
Helpers--roofers,47-3016,Line item,9.1,9.5,0.0,0.0,0.3,3.5,1.1
"Helpers, construction trades, all other",47-3019,Line item,28.8,30.0,0.0,0.0,1.2,4.2,3.5
Other construction and related workers,47-4000,Summary,464.0,487.1,0.3,0.3,23.1,5.0,50.9
Construction and building inspectors,47-4011,Line item,120.8,124.6,0.1,0.1,3.9,3.2,13.5
Elevator and escalator installers and repairers,47-4021,Line item,28.9,30.8,0.0,0.0,1.9,6.6,3.0
Fence erectors,47-4031,Line item,34.2,35.0,0.0,0.0,0.8,2.2,3.4
Hazardous materials removal workers,47-4041,Line item,45.3,49.0,0.0,0.0,3.7,8.2,5.6
Highway maintenance workers,47-4051,Line item,156.1,163.8,0.1,0.1,7.8,5.0,16.5
Rail-track laying and maintenance equipment operators,47-4061,Line item,13.9,14.4,0.0,0.0,0.5,3.4,1.4
Septic tank servicers and sewer pipe cleaners,47-4071,Line item,30.7,33.8,0.0,0.0,3.1,10.1,3.5
Miscellaneous construction and related workers,47-4090,Line item,34.1,35.6,0.0,0.0,1.5,4.3,4.0
Extraction workers,47-5000,Summary,273.2,316.4,0.2,0.2,43.2,15.8,37.6
"Derrick, rotary drill, and service unit operators, oil and gas",47-5010,Summary,84.7,105.8,0.1,0.1,21.1,25.0,13.6
"Derrick operators, oil and gas",47-5011,Line item,12.0,15.7,0.0,0.0,3.7,30.5,2.0
"Rotary drill operators, oil and gas",47-5012,Line item,20.9,26.6,0.0,0.0,5.6,26.9,3.4
"Service unit operators, oil and gas",47-5013,Line item,51.7,63.6,0.0,0.0,11.8,22.9,8.1
"Excavating and loading machine and dragline operators, surface mining",47-5022,Line item,46.1,47.4,0.0,0.0,1.3,2.9,5.1
Continuous mining machine operators,47-5041,Line item,15.0,15.3,0.0,0.0,0.3,2.3,1.7
"Roof bolters, mining",47-5043,Line item,3.3,2.8,0.0,0.0,-0.5,-16.0,0.3
"Loading and moving machine operators, underground mining",47-5044,Line item,4.5,3.9,0.0,0.0,-0.6,-13.4,0.4
"Rock splitters, quarry",47-5051,Line item,5.1,5.2,0.0,0.0,0.2,3.6,0.6
"Roustabouts, oil and gas",47-5071,Line item,58.5,73.1,0.0,0.0,14.7,25.1,8.8
Helpers--extraction workers,47-5081,Line item,16.9,20.3,0.0,0.0,3.4,20.2,2.4
"Earth drillers, except oil and gas; and explosives workers, ordnance handling experts, and blasters",47-5097,Line item,25.3,27.3,0.0,0.0,2.0,7.8,3.0
"Underground mining machine operators and extraction workers, all other",47-5098,Line item,14.1,15.4,0.0,0.0,1.3,9.3,1.8
"Installation, maintenance, and repair occupations",49-0000,Summary,"6,128.0","6,301.3",3.8,3.7,173.3,2.8,556.7
"Supervisors of installation, maintenance, and repair workers",49-1000,Summary,499.1,512.4,0.3,0.3,13.3,2.7,42.1
"First-line supervisors of mechanics, installers, and repairers",49-1011,Line item,499.1,512.4,0.3,0.3,13.3,2.7,42.1
"Electrical and electronic equipment mechanics, installers, and repairers",49-2000,Summary,593.4,594.4,0.4,0.4,1.0,0.2,55.2
"Computer, automated teller, and office machine repairers",49-2011,Line item,112.3,111.4,0.1,0.1,-0.9,-0.8,10.6
Radio and telecommunications equipment installers and repairers,49-2020,Summary,230.7,225.6,0.1,0.1,-5.0,-2.2,22.5
"Radio, cellular, and tower equipment installers and repairers",49-2021,Line item,15.0,15.5,0.0,0.0,0.6,3.7,1.6
"Telecommunications equipment installers and repairers, except line installers",49-2022,Line item,215.7,210.1,0.1,0.1,-5.6,-2.6,20.9
"Miscellaneous electrical and electronic equipment mechanics, installers, and repairers",49-2090,Summary,250.4,257.3,0.2,0.2,6.9,2.8,22.1
Avionics technicians,49-2091,Line item,22.8,23.8,0.0,0.0,1.0,4.4,1.7
"Electric motor, power tool, and related repairers",49-2092,Line item,17.9,18.6,0.0,0.0,0.7,4.1,1.9
"Electrical and electronics installers and repairers, transportation equipment",49-2093,Line item,9.2,9.4,0.0,0.0,0.2,2.4,0.7
"Electrical and electronics repairers, commercial and industrial equipment",49-2094,Line item,61.2,62.4,0.0,0.0,1.2,1.9,4.3
"Electrical and electronics repairers, powerhouse, substation, and relay",49-2095,Line item,23.0,22.2,0.0,0.0,-0.7,-3.2,1.5
"Electronic equipment installers and repairers, motor vehicles",49-2096,Line item,10.4,8.0,0.0,0.0,-2.4,-23.2,0.7
Audiovisual equipment installers and repairers,49-2097,Line item,29.7,28.8,0.0,0.0,-0.8,-2.8,2.6
Security and fire alarm systems installers,49-2098,Line item,76.3,84.1,0.0,0.0,7.8,10.3,8.8
"Vehicle and mobile equipment mechanics, installers, and repairers",49-3000,Summary,"1,793.5","1,793.0",1.1,1.1,-0.5,0.0,155.4
Aircraft mechanics and service technicians,49-3011,Line item,137.2,143.5,0.1,0.1,6.3,4.6,11.2
Automotive technicians and repairers,49-3020,Summary,936.3,912.8,0.6,0.5,-23.4,-2.5,77.5
Automotive body and related repairers,49-3021,Line item,155.5,159.9,0.1,0.1,4.4,2.9,13.6
Automotive glass installers and repairers,49-3022,Line item,24.3,24.2,0.0,0.0,-0.1,-0.4,2.2
Automotive service technicians and mechanics,49-3023,Line item,756.6,728.8,0.5,0.4,-27.8,-3.7,61.7
Bus and truck mechanics and diesel engine specialists,49-3031,Line item,281.3,290.8,0.2,0.2,9.6,3.4,24.5
Heavy vehicle and mobile equipment service technicians and mechanics,49-3040,Summary,218.1,218.9,0.1,0.1,0.9,0.4,19.4
Farm equipment mechanics and service technicians,49-3041,Line item,40.8,41.3,0.0,0.0,0.5,1.3,3.7
"Mobile heavy equipment mechanics, except engines",49-3042,Line item,152.9,154.0,0.1,0.1,1.1,0.7,13.7
Rail car repairers,49-3043,Line item,24.3,23.5,0.0,0.0,-0.8,-3.2,2.0
Small engine mechanics,49-3050,Summary,78.1,80.3,0.0,0.0,2.2,2.8,7.7
Motorboat mechanics and service technicians,49-3051,Line item,25.7,25.9,0.0,0.0,0.2,0.8,2.5
Motorcycle mechanics,49-3052,Line item,17.4,18.0,0.0,0.0,0.6,3.5,1.7
Outdoor power equipment and other small engine mechanics,49-3053,Line item,35.0,36.3,0.0,0.0,1.3,3.8,3.5
"Miscellaneous vehicle and mobile equipment mechanics, installers, and repairers",49-3090,Summary,142.6,146.6,0.1,0.1,4.1,2.8,15.2
Bicycle repairers,49-3091,Line item,13.2,13.8,0.0,0.0,0.6,4.9,1.4
Recreational vehicle service technicians,49-3092,Line item,15.9,16.8,0.0,0.0,0.8,5.1,1.8
Tire repairers and changers,49-3093,Line item,113.4,116.0,0.1,0.1,2.6,2.3,12.0
"Other installation, maintenance, and repair occupations",49-9000,Summary,"3,242.1","3,401.6",2.0,2.0,159.5,4.9,304.1
Control and valve installers and repairers,49-9010,Summary,76.6,77.5,0.0,0.0,0.9,1.2,5.8
Mechanical door repairers,49-9011,Line item,23.4,24.3,0.0,0.0,0.8,3.6,1.9
"Control and valve installers and repairers, except mechanical door",49-9012,Line item,53.1,53.2,0.0,0.0,0.1,0.2,4.0
"Heating, air conditioning, and refrigeration mechanics and installers",49-9021,Line item,376.8,391.9,0.2,0.2,15.1,4.0,34.2
Home appliance repairers,49-9031,Line item,38.4,35.8,0.0,0.0,-2.7,-6.9,3.0
"Industrial machinery installation, repair, and maintenance workers",49-9040,Summary,522.2,592.1,0.3,0.4,70.0,13.4,51.3
Industrial machinery mechanics,49-9041,Line item,399.4,461.7,0.2,0.3,62.3,15.6,40.5
"Maintenance workers, machinery",49-9043,Line item,73.2,77.7,0.0,0.0,4.5,6.1,6.4
Millwrights,49-9044,Line item,48.7,52.1,0.0,0.0,3.4,6.9,4.3
"Refractory materials repairers, except brickmasons",49-9045,Line item,0.8,0.7,0.0,0.0,-0.2,-19.3,0.0
Line installers and repairers,49-9050,Summary,238.6,238.6,0.1,0.1,0.0,0.0,20.7
Electrical power-line installers and repairers,49-9051,Line item,115.0,116.9,0.1,0.1,2.0,1.7,8.9
Telecommunications line installers and repairers,49-9052,Line item,123.6,121.6,0.1,0.1,-2.0,-1.6,11.8
Precision instrument and equipment repairers,49-9060,Summary,82.4,84.0,0.1,0.0,1.6,1.9,7.9
Camera and photographic equipment repairers,49-9061,Line item,4.2,4.3,0.0,0.0,0.1,2.6,0.4
Medical equipment repairers,49-9062,Line item,53.9,56.7,0.0,0.0,2.8,5.1,5.4
Musical instrument repairers and tuners,49-9063,Line item,8.9,8.3,0.0,0.0,-0.6,-7.1,0.7
Watch and clock repairers,49-9064,Line item,3.2,2.1,0.0,0.0,-1.0,-32.3,0.1
"Precision instrument and equipment repairers, all other",49-9069,Line item,12.2,12.6,0.0,0.0,0.4,3.3,1.2
"Maintenance and repair workers, general",49-9071,Line item,"1,516.4","1,579.4",0.9,0.9,63.0,4.2,139.4
Wind turbine service technicians,49-9081,Line item,7.0,11.3,0.0,0.0,4.3,60.7,1.3
"Miscellaneous installation, maintenance, and repair workers",49-9090,Summary,383.8,391.2,0.2,0.2,7.3,1.9,40.4
"Coin, vending, and amusement machine servicers and repairers",49-9091,Line item,37.0,36.3,0.0,0.0,-0.8,-2.0,3.9
Commercial divers,49-9092,Line item,4.0,4.2,0.0,0.0,0.2,4.7,0.4
Locksmiths and safe repairers,49-9094,Line item,21.1,19.5,0.0,0.0,-1.6,-7.5,1.7
Manufactured building and mobile home installers,49-9095,Line item,2.9,2.2,0.0,0.0,-0.6,-22.3,0.1
Riggers,49-9096,Line item,23.5,24.6,0.0,0.0,1.1,4.6,2.1
Signal and track switch repairers,49-9097,Line item,6.6,6.5,0.0,0.0,0.0,-0.7,0.6
"Helpers--installation, maintenance, and repair workers",49-9098,Line item,101.1,105.5,0.1,0.1,4.4,4.4,13.0
"Installation, maintenance, and repair workers, all other",49-9099,Line item,187.7,192.4,0.1,0.1,4.7,2.5,18.5
Production occupations,51-0000,Summary,"9,447.0","9,023.8",5.8,5.3,-423.2,-4.5,886.3
Supervisors of production workers,51-1000,Summary,648.9,646.9,0.4,0.4,-2.0,-0.3,56.9
First-line supervisors of production and operating workers,51-1011,Line item,648.9,646.9,0.4,0.4,-2.0,-0.3,56.9
Assemblers and fabricators,51-2000,Summary,"1,883.7","1,679.4",1.2,1.0,-204.3,-10.8,156.3
"Aircraft structure, surfaces, rigging, and systems assemblers",51-2011,Line item,43.9,36.3,0.0,0.0,-7.6,-17.4,2.6
"Electrical, electronics, and electromechanical assemblers",51-2020,Summary,304.6,306.4,0.2,0.2,1.8,0.6,29.8
"Coil winders, tapers, and finishers",51-2021,Line item,13.0,10.5,0.0,0.0,-2.4,-18.7,0.9
"Electrical, electronic, and electromechanical assemblers, except coil winders, tapers, and finishers",51-2028,Line item,291.7,295.9,0.2,0.2,4.2,1.4,28.9
Engine and other machine assemblers,51-2031,Line item,45.9,39.0,0.0,0.0,-7.0,-15.2,3.2
Structural metal fabricators and fitters,51-2041,Line item,78.5,66.0,0.0,0.0,-12.5,-16.0,5.6
Fiberglass laminators and fabricators,51-2051,Line item,20.4,19.3,0.0,0.0,-1.1,-5.3,1.9
Timing device assemblers and adjusters,51-2061,Line item,1.3,1.0,0.0,0.0,-0.3,-22.3,0.1
Miscellaneous assemblers and fabricators,51-2090,Line item,"1,389.1","1,211.5",0.9,0.7,-177.6,-12.8,113.2
Food processing workers,51-3000,Summary,832.8,853.0,0.5,0.5,20.2,2.4,98.1
Bakers,51-3011,Line item,199.3,209.9,0.1,0.1,10.6,5.3,26.0
"Butchers and other meat, poultry, and fish processing workers",51-3020,Summary,374.3,381.9,0.2,0.2,7.6,2.0,40.8
Butchers and meat cutters,51-3021,Line item,137.5,139.8,0.1,0.1,2.3,1.7,14.9
"Meat, poultry, and fish cutters and trimmers",51-3022,Line item,161.8,164.5,0.1,0.1,2.7,1.7,17.5
Slaughterers and meat packers,51-3023,Line item,75.0,77.5,0.0,0.0,2.5,3.3,8.3
Miscellaneous food processing workers,51-3090,Summary,259.2,261.3,0.2,0.2,2.1,0.8,31.3
"Food and tobacco roasting, baking, and drying machine operators and tenders",51-3091,Line item,22.1,21.9,0.0,0.0,-0.2,-0.8,2.4
Food batchmakers,51-3092,Line item,162.5,164.7,0.1,0.1,2.1,1.3,20.1
Food cooking machine operators and tenders,51-3093,Line item,30.4,30.6,0.0,0.0,0.2,0.5,4.8
"Food processing workers, all other",51-3099,Line item,44.2,44.1,0.0,0.0,-0.1,-0.1,4.0
Metal workers and plastic workers,51-4000,Summary,"1,871.2","1,823.2",1.1,1.1,-48.0,-2.6,165.8
"Forming machine setters, operators, and tenders, metal and plastic",51-4020,Summary,126.4,111.1,0.1,0.1,-15.3,-12.1,10.0
"Extruding and drawing machine setters, operators, and tenders, metal and plastic",51-4021,Line item,77.4,69.2,0.0,0.0,-8.2,-10.5,6.8
"Forging machine setters, operators, and tenders, metal and plastic",51-4022,Line item,16.4,13.0,0.0,0.0,-3.5,-21.1,0.9
"Rolling machine setters, operators, and tenders, metal and plastic",51-4023,Line item,32.6,28.9,0.0,0.0,-3.7,-11.3,2.3
"Machine tool cutting setters, operators, and tenders, metal and plastic",51-4030,Summary,331.3,300.2,0.2,0.2,-31.1,-9.4,26.7
"Cutting, punching, and press machine setters, operators, and tenders, metal and plastic",51-4031,Line item,195.7,179.4,0.1,0.1,-16.3,-8.3,16.0
"Drilling and boring machine tool setters, operators, and tenders, metal and plastic",51-4032,Line item,11.2,9.1,0.0,0.0,-2.1,-19.0,0.7
"Grinding, lapping, polishing, and buffing machine tool setters, operators, and tenders, metal and plastic",51-4033,Line item,77.1,70.8,0.0,0.0,-6.3,-8.2,6.8
"Lathe and turning machine tool setters, operators, and tenders, metal and plastic",51-4034,Line item,28.2,25.3,0.0,0.0,-2.9,-10.1,2.0
"Milling and planing machine setters, operators, and tenders, metal and plastic",51-4035,Line item,19.2,15.6,0.0,0.0,-3.6,-18.6,1.2
Machinists,51-4041,Line item,388.1,404.4,0.2,0.2,16.3,4.2,38.0
"Metal furnace operators, tenders, pourers, and casters",51-4050,Summary,25.1,24.4,0.0,0.0,-0.7,-2.8,2.0
Metal-refining furnace operators and tenders,51-4051,Line item,17.1,17.1,0.0,0.0,0.0,0.0,1.4
"Pourers and casters, metal",51-4052,Line item,8.0,7.3,0.0,0.0,-0.7,-8.6,0.6
"Model makers and patternmakers, metal and plastic",51-4060,Summary,7.5,6.9,0.0,0.0,-0.6,-8.3,0.6
"Model makers, metal and plastic",51-4061,Line item,4.4,4.1,0.0,0.0,-0.4,-8.2,0.3
"Patternmakers, metal and plastic",51-4062,Line item,3.1,2.8,0.0,0.0,-0.3,-8.4,0.2
"Molders and molding machine setters, operators, and tenders, metal and plastic",51-4070,Summary,191.0,173.2,0.1,0.1,-17.7,-9.3,14.0
Foundry mold and coremakers,51-4071,Line item,17.6,16.5,0.0,0.0,-1.0,-5.8,1.4
"Molding, coremaking, and casting machine setters, operators, and tenders, metal and plastic",51-4072,Line item,173.4,156.7,0.1,0.1,-16.7,-9.6,12.6
"Multiple machine tool setters, operators, and tenders, metal and plastic",51-4081,Line item,150.5,153.6,0.1,0.1,3.1,2.1,14.0
Tool and die makers,51-4111,Line item,72.5,68.6,0.0,0.0,-3.9,-5.4,6.0
"Welding, soldering, and brazing workers",51-4120,Summary,476.1,487.2,0.3,0.3,11.1,2.3,46.6
"Welders, cutters, solderers, and brazers",51-4121,Line item,438.9,452.5,0.3,0.3,13.6,3.1,43.4
"Welding, soldering, and brazing machine setters, operators, and tenders",51-4122,Line item,37.2,34.7,0.0,0.0,-2.5,-6.8,3.1
Miscellaneous metal workers and plastic workers,51-4190,Summary,102.6,93.5,0.1,0.1,-9.1,-8.9,7.9
"Heat treating equipment setters, operators, and tenders, metal and plastic",51-4191,Line item,20.1,18.0,0.0,0.0,-2.1,-10.3,1.5
"Layout workers, metal and plastic",51-4192,Line item,8.5,7.6,0.0,0.0,-0.9,-10.2,0.6
"Plating machine setters, operators, and tenders, metal and plastic",51-4193,Line item,42.1,38.4,0.0,0.0,-3.7,-8.8,3.0
"Tool grinders, filers, and sharpeners",51-4194,Line item,7.1,6.8,0.0,0.0,-0.3,-4.8,0.8
"Metal workers and plastic workers, all other",51-4199,Line item,24.9,22.7,0.0,0.0,-2.1,-8.6,1.9
Printing workers,51-5100,Summary,256.8,219.7,0.2,0.1,-37.1,-14.4,20.8
Prepress technicians and workers,51-5111,Line item,30.2,24.0,0.0,0.0,-6.3,-20.7,2.5
Printing press operators,51-5112,Line item,181.4,157.2,0.1,0.1,-24.2,-13.3,14.1
Print binding and finishing workers,51-5113,Line item,45.2,38.5,0.0,0.0,-6.7,-14.8,4.3
"Textile, apparel, and furnishings workers",51-6000,Summary,617.8,580.4,0.4,0.3,-37.4,-6.1,61.3
Laundry and dry-cleaning workers,51-6011,Line item,215.2,215.6,0.1,0.1,0.5,0.2,25.6
"Pressers, textile, garment, and related materials",51-6021,Line item,38.3,31.1,0.0,0.0,-7.2,-18.9,2.9
Sewing machine operators,51-6031,Line item,146.5,132.8,0.1,0.1,-13.7,-9.3,12.7
Shoe and leather workers,51-6040,Summary,16.2,14.3,0.0,0.0,-1.9,-11.7,1.5
Shoe and leather workers and repairers,51-6041,Line item,10.8,9.7,0.0,0.0,-1.1,-10.3,1.0
Shoe machine operators and tenders,51-6042,Line item,5.3,4.6,0.0,0.0,-0.8,-14.5,0.5
"Tailors, dressmakers, and sewers",51-6050,Summary,44.8,42.6,0.0,0.0,-2.2,-4.9,5.1
"Sewers, hand",51-6051,Line item,7.5,6.9,0.0,0.0,-0.6,-7.9,0.8
"Tailors, dressmakers, and custom sewers",51-6052,Line item,37.3,35.7,0.0,0.0,-1.6,-4.3,4.3
"Textile machine setters, operators, and tenders",51-6060,Summary,78.0,69.3,0.0,0.0,-8.6,-11.1,6.3
Textile bleaching and dyeing machine operators and tenders,51-6061,Line item,9.0,7.9,0.0,0.0,-1.1,-11.9,0.9
"Textile cutting machine setters, operators, and tenders",51-6062,Line item,13.1,11.8,0.0,0.0,-1.4,-10.5,0.9
"Textile knitting and weaving machine setters, operators, and tenders",51-6063,Line item,24.8,21.6,0.0,0.0,-3.2,-12.8,2.4
"Textile winding, twisting, and drawing out machine setters, operators, and tenders",51-6064,Line item,31.0,28.0,0.0,0.0,-3.0,-9.7,2.2
"Miscellaneous textile, apparel, and furnishings workers",51-6090,Summary,79.0,74.7,0.0,0.0,-4.2,-5.3,7.2
"Extruding and forming machine setters, operators, and tenders, synthetic and glass fibers",51-6091,Line item,19.0,17.8,0.0,0.0,-1.2,-6.4,2.0
Fabric and apparel patternmakers,51-6092,Line item,6.0,5.4,0.0,0.0,-0.7,-11.4,0.6
Upholsterers,51-6093,Line item,35.2,33.9,0.0,0.0,-1.4,-4.0,2.5
"Textile, apparel, and furnishings workers, all other",51-6099,Line item,18.7,17.8,0.0,0.0,-0.9,-4.9,2.0
Woodworkers,51-7000,Summary,277.2,267.1,0.2,0.2,-10.2,-3.7,26.7
Cabinetmakers and bench carpenters,51-7011,Line item,112.2,108.9,0.1,0.1,-3.3,-2.9,9.3
Furniture finishers,51-7021,Line item,17.4,16.7,0.0,0.0,-0.6,-3.7,1.7
"Model makers and patternmakers, wood",51-7030,Summary,2.1,2.1,0.0,0.0,0.0,-1.7,0.2
"Model makers, wood",51-7031,Line item,1.4,1.4,0.0,0.0,0.0,-0.2,0.1
"Patternmakers, wood",51-7032,Line item,0.7,0.6,0.0,0.0,0.0,-4.7,0.1
"Woodworking machine setters, operators, and tenders",51-7040,Summary,133.8,128.2,0.1,0.1,-5.6,-4.2,14.4
"Sawing machine setters, operators, and tenders, wood",51-7041,Line item,54.5,50.8,0.0,0.0,-3.8,-6.9,5.0
"Woodworking machine setters, operators, and tenders, except sawing",51-7042,Line item,79.3,77.4,0.0,0.0,-1.9,-2.4,9.3
"Woodworkers, all other",51-7099,Line item,11.7,11.1,0.0,0.0,-0.5,-4.6,1.1
Plant and system operators,51-8000,Summary,311.0,296.4,0.2,0.2,-14.6,-4.7,24.8
"Power plant operators, distributors, and dispatchers",51-8010,Summary,51.7,43.7,0.0,0.0,-8.1,-15.6,3.1
Nuclear power reactor operators,51-8011,Line item,5.3,3.4,0.0,0.0,-1.9,-35.7,0.2
Power distributors and dispatchers,51-8012,Line item,11.2,10.3,0.0,0.0,-0.9,-7.7,0.8
Power plant operators,51-8013,Line item,35.3,30.0,0.0,0.0,-5.3,-15.1,2.1
Stationary engineers and boiler operators,51-8021,Line item,34.4,35.1,0.0,0.0,0.8,2.2,3.5
Water and wastewater treatment plant and system operators,51-8031,Line item,126.4,121.0,0.1,0.1,-5.4,-4.2,9.2
Miscellaneous plant and system operators,51-8090,Summary,98.5,96.5,0.1,0.1,-1.9,-2.0,8.9
Chemical plant and system operators,51-8091,Line item,29.2,28.3,0.0,0.0,-0.9,-3.1,2.6
Gas plant operators,51-8092,Line item,14.7,13.9,0.0,0.0,-0.8,-5.6,1.3
"Petroleum pump system operators, refinery operators, and gaugers",51-8093,Line item,41.3,41.1,0.0,0.0,-0.2,-0.5,3.8
"Plant and system operators, all other",51-8099,Line item,13.2,13.2,0.0,0.0,0.0,0.0,1.2
Other production occupations,51-9000,Summary,"2,747.5","2,657.7",1.7,1.6,-89.8,-3.3,275.7
"Chemical processing machine setters, operators, and tenders",51-9010,Summary,141.6,144.9,0.1,0.1,3.3,2.4,14.1
Chemical equipment operators and tenders,51-9011,Line item,88.5,90.0,0.1,0.1,1.5,1.7,8.7
"Separating, filtering, clarifying, precipitating, and still machine setters, operators, and tenders",51-9012,Line item,53.1,54.9,0.0,0.0,1.9,3.5,5.4
"Crushing, grinding, polishing, mixing, and blending workers",51-9020,Summary,192.3,186.2,0.1,0.1,-6.1,-3.2,18.7
"Crushing, grinding, and polishing machine setters, operators, and tenders",51-9021,Line item,35.3,33.3,0.0,0.0,-2.0,-5.7,3.3
"Grinding and polishing workers, hand",51-9022,Line item,29.0,23.4,0.0,0.0,-5.6,-19.5,2.1
"Mixing and blending machine setters, operators, and tenders",51-9023,Line item,128.0,129.5,0.1,0.1,1.6,1.2,13.3
Cutting workers,51-9030,Summary,69.7,63.9,0.0,0.0,-5.8,-8.3,6.3
"Cutters and trimmers, hand",51-9031,Line item,9.8,6.9,0.0,0.0,-2.9,-29.9,0.6
"Cutting and slicing machine setters, operators, and tenders",51-9032,Line item,59.8,57.0,0.0,0.0,-2.9,-4.8,5.7
"Extruding, forming, pressing, and compacting machine setters, operators, and tenders",51-9041,Line item,72.4,70.1,0.0,0.0,-2.3,-3.1,6.8
"Furnace, kiln, oven, drier, and kettle operators and tenders",51-9051,Line item,21.6,21.5,0.0,0.0,-0.2,-0.7,1.9
"Inspectors, testers, sorters, samplers, and weighers",51-9061,Line item,590.1,489.6,0.4,0.3,-100.4,-17.0,48.3
Jewelers and precious stone and metal workers,51-9071,Line item,35.1,31.6,0.0,0.0,-3.5,-10.0,3.6
Dental and ophthalmic laboratory technicians and medical appliance technicians,51-9080,Summary,81.2,88.6,0.0,0.1,7.4,9.1,10.3
Dental laboratory technicians,51-9081,Line item,36.2,39.6,0.0,0.0,3.4,9.4,4.6
Medical appliance technicians,51-9082,Line item,14.8,16.5,0.0,0.0,1.7,11.5,1.9
Ophthalmic laboratory technicians,51-9083,Line item,30.2,32.5,0.0,0.0,2.3,7.6,3.7
Packaging and filling machine operators and tenders,51-9111,Line item,392.1,397.6,0.2,0.2,5.5,1.4,40.6
Painting workers,51-9120,Summary,164.2,166.7,0.1,0.1,2.5,1.5,15.7
"Painting, coating, and decorating workers",51-9123,Line item,12.8,12.7,0.0,0.0,-0.1,-0.5,1.2
"Coating, painting, and spraying machine setters, operators, and tenders",51-9124,Line item,151.4,153.9,0.1,0.1,2.6,1.7,14.5
Semiconductor processing technicians,51-9141,Line item,30.8,31.0,0.0,0.0,0.2,0.7,3.1
Photographic process workers and processing machine operators,51-9151,Line item,12.3,9.9,0.0,0.0,-2.4,-19.4,1.3
Computer numerically controlled tool operators and programmers,51-9160,Summary,178.2,173.0,0.1,0.1,-5.1,-2.9,14.8
Computer numerically controlled tool operators,51-9161,Line item,152.4,141.7,0.1,0.1,-10.7,-7.0,11.8
Computer numerically controlled tool programmers,51-9162,Line item,25.7,31.3,0.0,0.0,5.6,21.9,3.1
Miscellaneous production workers,51-9190,Summary,766.1,783.1,0.5,0.5,17.0,2.2,90.1
Adhesive bonding machine operators and tenders,51-9191,Line item,14.0,13.7,0.0,0.0,-0.2,-1.8,1.4
"Cleaning, washing, and metal pickling equipment operators and tenders",51-9192,Line item,16.3,16.5,0.0,0.0,0.2,1.4,2.3
Cooling and freezing equipment operators and tenders,51-9193,Line item,9.4,9.8,0.0,0.0,0.4,3.8,1.0
Etchers and engravers,51-9194,Line item,12.9,12.3,0.0,0.0,-0.6,-4.6,1.3
"Molders, shapers, and casters, except metal and plastic",51-9195,Line item,49.4,46.4,0.0,0.0,-3.0,-6.1,4.4
"Paper goods machine setters, operators, and tenders",51-9196,Line item,100.4,94.6,0.1,0.1,-5.7,-5.7,9.0
Tire builders,51-9197,Line item,21.0,21.1,0.0,0.0,0.1,0.5,1.9
Helpers--production workers,51-9198,Line item,304.2,325.0,0.2,0.2,20.8,6.8,44.1
"Production workers, all other",51-9199,Line item,238.6,243.7,0.1,0.1,5.1,2.1,24.7
Transportation and material moving occupations,53-0000,Summary,"13,134.8","13,583.6",8.1,8.0,448.9,3.4,"1,531.2"
Supervisors of transportation and material moving workers,53-1000,Summary,466.3,490.4,0.3,0.3,24.0,5.2,46.3
Aircraft cargo handling supervisors,53-1041,Line item,9.6,10.2,0.0,0.0,0.5,5.4,1.0
"First-line supervisors of transportation and material-moving workers, except aircraft cargo handling supervisors",53-1047,Line item,456.7,480.2,0.3,0.3,23.5,5.1,45.3
Air transportation workers,53-2000,Summary,284.2,312.2,0.2,0.2,28.1,9.9,32.1
Aircraft pilots and flight engineers,53-2010,Summary,127.1,133.3,0.1,0.1,6.1,4.8,12.7
"Airline pilots, copilots, and flight engineers",53-2011,Line item,85.5,87.9,0.1,0.1,2.4,2.8,8.3
Commercial pilots,53-2012,Line item,41.6,45.4,0.0,0.0,3.8,9.1,4.4
Air traffic controllers and airfield operations specialists,53-2020,Summary,35.2,36.0,0.0,0.0,0.8,2.3,2.9
Air traffic controllers,53-2021,Line item,24.3,24.5,0.0,0.0,0.1,0.5,2.0
Airfield operations specialists,53-2022,Line item,10.9,11.5,0.0,0.0,0.7,6.1,1.0
Flight attendants,53-2031,Line item,121.9,143.0,0.1,0.1,21.1,17.3,16.5
Motor vehicle operators,53-3000,Summary,"4,689.2","4,913.4",2.9,2.9,224.2,4.8,516.8
"Ambulance drivers and attendants, except emergency medical technicians",53-3011,Line item,14.9,16.3,0.0,0.0,1.4,9.4,1.7
Driver/sales workers and truck drivers,53-3030,Summary,"3,535.9","3,641.5",2.2,2.2,105.6,3.0,372.3
Driver/sales workers,53-3031,Line item,487.4,501.9,0.3,0.3,14.5,3.0,51.3
Heavy and tractor-trailer truck drivers,53-3032,Line item,"2,029.9","2,060.5",1.2,1.2,30.6,1.5,209.2
Light truck drivers,53-3033,Line item,"1,018.6","1,079.1",0.6,0.6,60.5,5.9,111.8
Passenger vehicle drivers,53-3050,Summary,"1,076.7","1,192.0",0.7,0.7,115.3,10.7,132.9
"Bus drivers, transit and intercity",53-3052,Line item,223.4,244.2,0.1,0.1,20.8,9.3,28.9
"Passenger vehicle drivers, except bus drivers, transit and intercity",53-3058,Line item,853.3,947.8,0.5,0.6,94.4,11.1,104.0
"Motor vehicle operators, all other",53-3099,Line item,61.7,63.6,0.0,0.0,1.9,3.1,9.9
Rail transportation workers,53-4000,Summary,90.9,88.8,0.1,0.1,-2.1,-2.3,7.1
Locomotive engineers and operators,53-4010,Summary,32.6,31.3,0.0,0.0,-1.3,-4.0,2.3
Locomotive engineers,53-4011,Line item,27.4,26.5,0.0,0.0,-1.0,-3.5,1.9
"Rail yard engineers, dinkey operators, and hostlers",53-4013,Line item,5.2,4.9,0.0,0.0,-0.4,-6.8,0.3
"Railroad brake, signal, and switch operators and locomotive firers",53-4022,Line item,9.1,8.6,0.0,0.0,-0.5,-5.5,0.7
Railroad conductors and yardmasters,53-4031,Line item,36.0,35.2,0.0,0.0,-0.8,-2.1,2.9
Subway and streetcar operators,53-4041,Line item,10.7,11.3,0.0,0.0,0.6,5.3,1.1
"Rail transportation workers, all other",53-4099,Line item,2.5,2.4,0.0,0.0,-0.1,-4.7,0.2
Water transportation workers,53-5000,Summary,81.9,82.1,0.1,0.0,0.2,0.2,8.1
Sailors and marine oilers,53-5011,Line item,31.9,32.2,0.0,0.0,0.3,0.9,3.6
Ship and boat captains and operators,53-5020,Summary,41.4,41.2,0.0,0.0,-0.1,-0.3,3.5
"Captains, mates, and pilots of water vessels",53-5021,Line item,38.9,38.7,0.0,0.0,-0.1,-0.3,3.3
Motorboat operators,53-5022,Line item,2.5,2.5,0.0,0.0,0.0,0.1,0.2
Ship engineers,53-5031,Line item,8.7,8.7,0.0,0.0,0.1,0.7,1.0
Other transportation workers,53-6000,Summary,373.5,391.2,0.2,0.2,17.7,4.7,50.3
Bridge and lock tenders,53-6011,Line item,3.3,3.3,0.0,0.0,0.0,1.3,0.3
Parking attendants,53-6021,Line item,149.8,160.6,0.1,0.1,10.9,7.2,22.8
Automotive and watercraft service attendants,53-6031,Line item,118.8,121.6,0.1,0.1,2.8,2.4,16.3
Traffic technicians,53-6041,Line item,7.7,8.2,0.0,0.0,0.5,6.0,0.8
Transportation inspectors,53-6051,Line item,30.2,30.9,0.0,0.0,0.7,2.4,2.9
Passenger attendants,53-6061,Line item,28.0,29.2,0.0,0.0,1.2,4.4,3.7
"Aircraft service attendants and transportation workers, all other",53-6098,Line item,35.8,37.4,0.0,0.0,1.6,4.4,3.5
Material moving workers,53-7000,Summary,"7,148.7","7,305.5",4.4,4.3,156.8,2.2,870.5
Conveyor operators and tenders,53-7011,Line item,23.9,24.0,0.0,0.0,0.1,0.4,2.7
Crane and tower operators,53-7021,Line item,45.7,46.5,0.0,0.0,0.8,1.7,4.5
Dredge operators,53-7031,Line item,1.6,1.7,0.0,0.0,0.1,4.5,0.2
Hoist and winch operators,53-7041,Line item,4.9,4.6,0.0,0.0,-0.2,-5.0,0.5
Industrial truck and tractor operators,53-7051,Line item,634.7,652.3,0.4,0.4,17.5,2.8,64.3
Laborers and material movers,53-7060,Summary,"6,233.8","6,358.9",3.8,3.8,125.1,2.0,772.2
Cleaners of vehicles and equipment,53-7061,Line item,408.4,423.1,0.3,0.3,14.7,3.6,53.9
"Laborers and freight, stock, and material movers, hand",53-7062,Line item,"2,986.0","3,111.7",1.8,1.8,125.7,4.2,380.6
Machine feeders and offbearers,53-7063,Line item,62.9,63.0,0.0,0.0,0.1,0.2,7.0
"Packers and packagers, hand",53-7064,Line item,640.8,609.9,0.4,0.4,-30.9,-4.8,75.8
Stockers and order fillers,53-7065,Line item,"2,135.8","2,151.3",1.3,1.3,15.5,0.7,254.9
Pumping station operators,53-7070,Summary,28.3,29.8,0.0,0.0,1.5,5.4,3.1
Gas compressor and gas pumping station operators,53-7071,Line item,3.7,3.6,0.0,0.0,-0.1,-2.1,0.4
"Pump operators, except wellhead pumpers",53-7072,Line item,10.5,11.5,0.0,0.0,1.0,9.7,1.2
Wellhead pumpers,53-7073,Line item,14.1,14.7,0.0,0.0,0.6,4.2,1.5
Refuse and recyclable material collectors,53-7081,Line item,133.6,145.4,0.1,0.1,11.7,8.8,18.2
"Tank car, truck, and ship loaders",53-7121,Line item,12.2,12.0,0.0,0.0,-0.2,-1.7,1.3
"Material moving workers, all other",53-7199,Line item,29.8,30.3,0.0,0.0,0.5,1.5,3.3
"Source: Employment Projections program, U.S. Bureau of Labor Statistics",,,,,,,,,